wallet,wallet_label,iso_score,lgbm_prob,cluster_risk,network_redflags,final_score,reason
addr_0000086,1.0,0.6135652106515934,0.9089502391798931,1.0,0.4285714285714285,0.7905068017245781,"Flagged because this wallet has moved an unusually large total BTC volume, has an unusually high or low average transaction value, and pays an unusual transaction fee for its volume."
addr_0003385,1.0,0.9618329423004288,0.80789582565797,0.0,0.4920523809523809,0.6609134510485548,"Flagged because this wallet has moved an unusually large total BTC volume, has an unusually high or low average transaction value, and has an unusual account lifespan (e.g. a short-lived 'burner' pattern)."
addr_0000451,1.0,0.4446272440401808,0.8387488904663404,0.5,0.6190476190476191,0.6307924913033522,"Flagged because this wallet pays an unusual transaction fee for its volume, has moved an unusually large total BTC volume, and has an unusual account lifespan (e.g. a short-lived 'burner' pattern)."
addr_0002741,2.0,0.177686959107945,0.8190198812717732,1.0,0.4761904761904762,0.6285330878601405,"Flagged because this wallet has moved an unusually large total BTC volume, pays an unusual transaction fee for its volume, and has an unusual account lifespan (e.g. a short-lived 'burner' pattern)."
addr_0004323,2.0,0.7482170433046095,0.8358266930673905,0.0,0.5238095238095238,0.6111767425992916,"Flagged because this wallet has moved an unusually large total BTC volume, has an unusually high or low average transaction value, and has an unusual account lifespan (e.g. a short-lived 'burner' pattern)."
addr_0001153,1.0,0.6847659186462082,0.8451911359669195,0.0,0.5872904761904761,0.6022352775996779,"Flagged because this wallet has an unusually high or low average transaction value, pays an unusual transaction fee for its volume, and has an unusual account lifespan (e.g. a short-lived 'burner' pattern)."
addr_0002746,2.0,0.7769972295358121,0.7828355499738494,0.0,0.5476190476190476,0.6009952936121882,"Flagged because this wallet has moved an unusually large total BTC volume, has an unusually high or low average transaction value, and pays an unusual transaction fee for its volume."
addr_0002529,1.0,0.8074817817396436,0.7995378617347655,0.0,0.3809523809523809,0.6001549173110373,"Flagged because this wallet has moved an unusually large total BTC volume, has an unusually high or low average transaction value, and has an unusual account lifespan (e.g. a short-lived 'burner' pattern)."
addr_0004493,1.0,0.5756768353882387,0.910590376502427,0.0,0.5476190476190476,0.5917011059793472,"Flagged because this wallet has an unusual account lifespan (e.g. a short-lived 'burner' pattern), has an unusually high or low average transaction value, and pays an unusual transaction fee for its volume."
addr_0003683,2.0,0.8373659035822155,0.6587577366707018,0.0,0.6349095238095238,0.5782038181238978,"Flagged because this wallet has moved an unusually large total BTC volume, has an unusual account lifespan (e.g. a short-lived 'burner' pattern), and pays an unusual transaction fee for its volume."
addr_0000753,1.0,0.6308233087620478,0.8543427671913839,0.0,0.3809523809523809,0.569079337600406,"Flagged because this wallet has moved an unusually large total BTC volume, has an unusually high or low average transaction value, and pays an unusual transaction fee for its volume."
addr_0003204,2.0,0.6745085540000665,0.8021864516837887,0.0,0.3809523809523809,0.5613223849687735,"Flagged because this wallet has moved an unusually large total BTC volume, has an unusually high or low average transaction value, and has an unusual account lifespan (e.g. a short-lived 'burner' pattern)."
addr_0004919,2.0,0.5930684900765932,0.8161683966843102,0.0,0.5476190476190476,0.5591498104586069,"Flagged because this wallet pays an unusual transaction fee for its volume, has an unusually high or low average transaction value, and shows a dormant-then-burst transaction timing pattern."
addr_0001907,3.0,0.6950449230511905,0.7204907016771387,0.0,0.6031857142857143,0.557028329014784,"Flagged because this wallet has an unusually high or low average transaction value, pays an unusual transaction fee for its volume, and has an unusual account lifespan (e.g. a short-lived 'burner' pattern)."
addr_0001485,1.0,0.3225791115408771,0.8238311548876293,0.3333333333333333,0.5714285714285715,0.5501157192268387,"Flagged because this wallet pays an unusual transaction fee for its volume, has an unusual account lifespan (e.g. a short-lived 'burner' pattern), and has an unusually high or low average transaction value."
addr_0003739,2.0,0.5965155808028878,0.8200514091811306,0.0,0.4285714285714285,0.5498323807704614,"Flagged because this wallet has moved an unusually large total BTC volume, has an unusual account lifespan (e.g. a short-lived 'burner' pattern), and has an unusually high or low average transaction value."
addr_0002023,3.0,0.6770652939661551,0.7584728020630028,0.0,0.3809523809523809,0.5446039471102857,"Flagged because this wallet has moved an unusually large total BTC volume, has an unusually high or low average transaction value, and has an unusual account lifespan (e.g. a short-lived 'burner' pattern)."
addr_0001740,2.0,0.2338283284634627,0.814926360148166,0.5,0.4761904761904762,0.5437380902173529,"Flagged because this wallet has moved an unusually large total BTC volume, pays an unusual transaction fee for its volume, and has an unusual account lifespan (e.g. a short-lived 'burner' pattern)."
addr_0002086,2.0,0.6001888081600458,0.8041194645610091,0.0,0.3809523809523809,0.5397996663676555,"Flagged because this wallet has moved an unusually large total BTC volume, has an unusually high or low average transaction value, and pays an unusual transaction fee for its volume."
addr_0004627,1.0,0.4151337653085186,0.8956130651336162,0.0,0.5476190476190476,0.5375472604079069,"Flagged because this wallet pays an unusual transaction fee for its volume, has an unusually high or low average transaction value, and shows a dormant-then-burst transaction timing pattern."
