txId,class
tx_0000000,2
tx_0000001,3
tx_0000002,2
tx_0000003,2
tx_0000004,2
tx_0000005,2
tx_0000006,3
tx_0000007,1
tx_0000008,2
tx_0000009,3
tx_0000010,2
tx_0000011,2
tx_0000012,2
tx_0000013,2
tx_0000014,3
tx_0000015,3
tx_0000016,2
tx_0000017,3
tx_0000018,2
tx_0000019,2
tx_0000020,3
tx_0000021,1
tx_0000022,3
tx_0000023,2
tx_0000024,1
tx_0000025,1
tx_0000026,2
tx_0000027,2
tx_0000028,2
tx_0000029,2
tx_0000030,2
tx_0000031,2
tx_0000032,2
tx_0000033,3
tx_0000034,3
tx_0000035,3
tx_0000036,2
tx_0000037,3
tx_0000038,2
tx_0000039,3
tx_0000040,2
tx_0000041,2
tx_0000042,2
tx_0000043,2
tx_0000044,2
tx_0000045,3
tx_0000046,3
tx_0000047,2
tx_0000048,2
tx_0000049,1
tx_0000050,2
tx_0000051,2
tx_0000052,2
tx_0000053,2
tx_0000054,2
tx_0000055,3
tx_0000056,3
tx_0000057,3
tx_0000058,2
tx_0000059,2
tx_0000060,2
tx_0000061,2
tx_0000062,2
tx_0000063,3
tx_0000064,2
tx_0000065,2
tx_0000066,3
tx_0000067,2
tx_0000068,2
tx_0000069,2
tx_0000070,3
tx_0000071,2
tx_0000072,2
tx_0000073,1
tx_0000074,3
tx_0000075,2
tx_0000076,2
tx_0000077,2
tx_0000078,2
tx_0000079,2
tx_0000080,2
tx_0000081,2
tx_0000082,2
tx_0000083,2
tx_0000084,2
tx_0000085,3
tx_0000086,2
tx_0000087,2
tx_0000088,2
tx_0000089,2
tx_0000090,2
tx_0000091,3
tx_0000092,2
tx_0000093,2
tx_0000094,3
tx_0000095,2
tx_0000096,2
tx_0000097,2
tx_0000098,3
tx_0000099,2
tx_0000100,3
tx_0000101,2
tx_0000102,2
tx_0000103,3
tx_0000104,3
tx_0000105,2
tx_0000106,1
tx_0000107,2
tx_0000108,3
tx_0000109,2
tx_0000110,2
tx_0000111,2
tx_0000112,2
tx_0000113,2
tx_0000114,2
tx_0000115,2
tx_0000116,2
tx_0000117,3
tx_0000118,2
tx_0000119,2
tx_0000120,1
tx_0000121,2
tx_0000122,3
tx_0000123,3
tx_0000124,2
tx_0000125,2
tx_0000126,2
tx_0000127,2
tx_0000128,1
tx_0000129,3
tx_0000130,2
tx_0000131,2
tx_0000132,2
tx_0000133,3
tx_0000134,2
tx_0000135,2
tx_0000136,3
tx_0000137,3
tx_0000138,2
tx_0000139,3
tx_0000140,2
tx_0000141,2
tx_0000142,2
tx_0000143,2
tx_0000144,2
tx_0000145,2
tx_0000146,3
tx_0000147,3
tx_0000148,2
tx_0000149,2
tx_0000150,2
tx_0000151,2
tx_0000152,2
tx_0000153,3
tx_0000154,3
tx_0000155,2
tx_0000156,2
tx_0000157,3
tx_0000158,2
tx_0000159,2
tx_0000160,2
tx_0000161,3
tx_0000162,2
tx_0000163,3
tx_0000164,1
tx_0000165,2
tx_0000166,3
tx_0000167,3
tx_0000168,3
tx_0000169,1
tx_0000170,3
tx_0000171,2
tx_0000172,3
tx_0000173,2
tx_0000174,2
tx_0000175,2
tx_0000176,2
tx_0000177,3
tx_0000178,2
tx_0000179,2
tx_0000180,3
tx_0000181,2
tx_0000182,2
tx_0000183,2
tx_0000184,2
tx_0000185,3
tx_0000186,2
tx_0000187,2
tx_0000188,2
tx_0000189,3
tx_0000190,2
tx_0000191,3
tx_0000192,2
tx_0000193,2
tx_0000194,2
tx_0000195,2
tx_0000196,2
tx_0000197,2
tx_0000198,2
tx_0000199,2
tx_0000200,2
tx_0000201,2
tx_0000202,2
tx_0000203,2
tx_0000204,3
tx_0000205,3
tx_0000206,3
tx_0000207,1
tx_0000208,2
tx_0000209,3
tx_0000210,1
tx_0000211,3
tx_0000212,2
tx_0000213,3
tx_0000214,2
tx_0000215,2
tx_0000216,2
tx_0000217,2
tx_0000218,3
tx_0000219,2
tx_0000220,2
tx_0000221,2
tx_0000222,2
tx_0000223,2
tx_0000224,3
tx_0000225,2
tx_0000226,1
tx_0000227,2
tx_0000228,3
tx_0000229,2
tx_0000230,2
tx_0000231,1
tx_0000232,2
tx_0000233,2
tx_0000234,2
tx_0000235,3
tx_0000236,3
tx_0000237,2
tx_0000238,3
tx_0000239,2
tx_0000240,2
tx_0000241,2
tx_0000242,1
tx_0000243,2
tx_0000244,3
tx_0000245,3
tx_0000246,2
tx_0000247,2
tx_0000248,2
tx_0000249,2
tx_0000250,2
tx_0000251,2
tx_0000252,3
tx_0000253,3
tx_0000254,2
tx_0000255,1
tx_0000256,2
tx_0000257,2
tx_0000258,2
tx_0000259,2
tx_0000260,3
tx_0000261,3
tx_0000262,2
tx_0000263,3
tx_0000264,2
tx_0000265,2
tx_0000266,2
tx_0000267,2
tx_0000268,3
tx_0000269,2
tx_0000270,2
tx_0000271,3
tx_0000272,2
tx_0000273,3
tx_0000274,3
tx_0000275,2
tx_0000276,2
tx_0000277,2
tx_0000278,2
tx_0000279,2
tx_0000280,2
tx_0000281,3
tx_0000282,3
tx_0000283,2
tx_0000284,3
tx_0000285,2
tx_0000286,2
tx_0000287,2
tx_0000288,2
tx_0000289,2
tx_0000290,2
tx_0000291,2
tx_0000292,3
tx_0000293,2
tx_0000294,2
tx_0000295,3
tx_0000296,2
tx_0000297,2
tx_0000298,3
tx_0000299,2
tx_0000300,2
tx_0000301,3
tx_0000302,2
tx_0000303,3
tx_0000304,2
tx_0000305,3
tx_0000306,2
tx_0000307,1
tx_0000308,2
tx_0000309,3
tx_0000310,3
tx_0000311,1
tx_0000312,2
tx_0000313,2
tx_0000314,2
tx_0000315,3
tx_0000316,1
tx_0000317,2
tx_0000318,1
tx_0000319,3
tx_0000320,3
tx_0000321,2
tx_0000322,2
tx_0000323,1
tx_0000324,1
tx_0000325,2
tx_0000326,2
tx_0000327,3
tx_0000328,3
tx_0000329,2
tx_0000330,2
tx_0000331,3
tx_0000332,2
tx_0000333,3
tx_0000334,3
tx_0000335,2
tx_0000336,2
tx_0000337,2
tx_0000338,1
tx_0000339,2
tx_0000340,2
tx_0000341,2
tx_0000342,2
tx_0000343,2
tx_0000344,3
tx_0000345,2
tx_0000346,2
tx_0000347,2
tx_0000348,3
tx_0000349,2
tx_0000350,1
tx_0000351,2
tx_0000352,2
tx_0000353,1
tx_0000354,3
tx_0000355,2
tx_0000356,2
tx_0000357,3
tx_0000358,3
tx_0000359,2
tx_0000360,3
tx_0000361,2
tx_0000362,3
tx_0000363,2
tx_0000364,2
tx_0000365,2
tx_0000366,3
tx_0000367,2
tx_0000368,2
tx_0000369,2
tx_0000370,3
tx_0000371,2
tx_0000372,2
tx_0000373,2
tx_0000374,2
tx_0000375,2
tx_0000376,1
tx_0000377,3
tx_0000378,2
tx_0000379,2
tx_0000380,3
tx_0000381,3
tx_0000382,2
tx_0000383,2
tx_0000384,2
tx_0000385,2
tx_0000386,2
tx_0000387,3
tx_0000388,2
tx_0000389,3
tx_0000390,2
tx_0000391,2
tx_0000392,2
tx_0000393,2
tx_0000394,3
tx_0000395,2
tx_0000396,2
tx_0000397,2
tx_0000398,2
tx_0000399,2
tx_0000400,2
tx_0000401,1
tx_0000402,2
tx_0000403,3
tx_0000404,3
tx_0000405,3
tx_0000406,2
tx_0000407,2
tx_0000408,2
tx_0000409,2
tx_0000410,3
tx_0000411,2
tx_0000412,2
tx_0000413,3
tx_0000414,3
tx_0000415,2
tx_0000416,2
tx_0000417,3
tx_0000418,2
tx_0000419,2
tx_0000420,2
tx_0000421,2
tx_0000422,2
tx_0000423,2
tx_0000424,2
tx_0000425,2
tx_0000426,3
tx_0000427,2
tx_0000428,2
tx_0000429,3
tx_0000430,2
tx_0000431,2
tx_0000432,3
tx_0000433,2
tx_0000434,3
tx_0000435,2
tx_0000436,3
tx_0000437,2
tx_0000438,2
tx_0000439,2
tx_0000440,3
tx_0000441,3
tx_0000442,2
tx_0000443,3
tx_0000444,3
tx_0000445,3
tx_0000446,2
tx_0000447,2
tx_0000448,3
tx_0000449,1
tx_0000450,2
tx_0000451,3
tx_0000452,2
tx_0000453,3
tx_0000454,2
tx_0000455,1
tx_0000456,2
tx_0000457,2
tx_0000458,2
tx_0000459,2
tx_0000460,2
tx_0000461,2
tx_0000462,3
tx_0000463,2
tx_0000464,2
tx_0000465,2
tx_0000466,2
tx_0000467,3
tx_0000468,2
tx_0000469,2
tx_0000470,2
tx_0000471,2
tx_0000472,3
tx_0000473,2
tx_0000474,2
tx_0000475,2
tx_0000476,2
tx_0000477,2
tx_0000478,3
tx_0000479,2
tx_0000480,2
tx_0000481,3
tx_0000482,1
tx_0000483,2
tx_0000484,2
tx_0000485,3
tx_0000486,3
tx_0000487,2
tx_0000488,2
tx_0000489,2
tx_0000490,3
tx_0000491,2
tx_0000492,2
tx_0000493,3
tx_0000494,1
tx_0000495,2
tx_0000496,3
tx_0000497,2
tx_0000498,2
tx_0000499,2
tx_0000500,2
tx_0000501,2
tx_0000502,2
tx_0000503,2
tx_0000504,3
tx_0000505,3
tx_0000506,2
tx_0000507,3
tx_0000508,2
tx_0000509,2
tx_0000510,2
tx_0000511,3
tx_0000512,2
tx_0000513,2
tx_0000514,2
tx_0000515,3
tx_0000516,2
tx_0000517,3
tx_0000518,2
tx_0000519,3
tx_0000520,2
tx_0000521,3
tx_0000522,3
tx_0000523,3
tx_0000524,2
tx_0000525,1
tx_0000526,2
tx_0000527,3
tx_0000528,2
tx_0000529,2
tx_0000530,2
tx_0000531,1
tx_0000532,3
tx_0000533,2
tx_0000534,2
tx_0000535,2
tx_0000536,3
tx_0000537,2
tx_0000538,3
tx_0000539,2
tx_0000540,2
tx_0000541,2
tx_0000542,2
tx_0000543,3
tx_0000544,2
tx_0000545,2
tx_0000546,3
tx_0000547,2
tx_0000548,2
tx_0000549,2
tx_0000550,2
tx_0000551,2
tx_0000552,2
tx_0000553,2
tx_0000554,2
tx_0000555,2
tx_0000556,3
tx_0000557,1
tx_0000558,2
tx_0000559,2
tx_0000560,2
tx_0000561,3
tx_0000562,2
tx_0000563,2
tx_0000564,1
tx_0000565,2
tx_0000566,2
tx_0000567,2
tx_0000568,2
tx_0000569,2
tx_0000570,2
tx_0000571,2
tx_0000572,2
tx_0000573,2
tx_0000574,2
tx_0000575,2
tx_0000576,2
tx_0000577,2
tx_0000578,3
tx_0000579,2
tx_0000580,1
tx_0000581,3
tx_0000582,3
tx_0000583,2
tx_0000584,3
tx_0000585,2
tx_0000586,2
tx_0000587,3
tx_0000588,2
tx_0000589,3
tx_0000590,2
tx_0000591,2
tx_0000592,3
tx_0000593,3
tx_0000594,3
tx_0000595,2
tx_0000596,2
tx_0000597,3
tx_0000598,2
tx_0000599,2
tx_0000600,2
tx_0000601,1
tx_0000602,1
tx_0000603,2
tx_0000604,2
tx_0000605,3
tx_0000606,2
tx_0000607,2
tx_0000608,2
tx_0000609,2
tx_0000610,3
tx_0000611,3
tx_0000612,3
tx_0000613,2
tx_0000614,2
tx_0000615,2
tx_0000616,3
tx_0000617,1
tx_0000618,2
tx_0000619,2
tx_0000620,2
tx_0000621,3
tx_0000622,3
tx_0000623,2
tx_0000624,2
tx_0000625,1
tx_0000626,2
tx_0000627,1
tx_0000628,3
tx_0000629,2
tx_0000630,1
tx_0000631,3
tx_0000632,2
tx_0000633,3
tx_0000634,3
tx_0000635,3
tx_0000636,2
tx_0000637,2
tx_0000638,3
tx_0000639,2
tx_0000640,2
tx_0000641,2
tx_0000642,2
tx_0000643,3
tx_0000644,3
tx_0000645,1
tx_0000646,2
tx_0000647,3
tx_0000648,2
tx_0000649,3
tx_0000650,2
tx_0000651,1
tx_0000652,2
tx_0000653,3
tx_0000654,2
tx_0000655,2
tx_0000656,2
tx_0000657,1
tx_0000658,2
tx_0000659,2
tx_0000660,3
tx_0000661,2
tx_0000662,2
tx_0000663,2
tx_0000664,2
tx_0000665,3
tx_0000666,2
tx_0000667,3
tx_0000668,2
tx_0000669,2
tx_0000670,2
tx_0000671,2
tx_0000672,1
tx_0000673,2
tx_0000674,2
tx_0000675,2
tx_0000676,2
tx_0000677,3
tx_0000678,3
tx_0000679,1
tx_0000680,2
tx_0000681,2
tx_0000682,2
tx_0000683,2
tx_0000684,1
tx_0000685,3
tx_0000686,3
tx_0000687,2
tx_0000688,2
tx_0000689,3
tx_0000690,2
tx_0000691,1
tx_0000692,3
tx_0000693,2
tx_0000694,2
tx_0000695,1
tx_0000696,1
tx_0000697,2
tx_0000698,2
tx_0000699,2
tx_0000700,1
tx_0000701,1
tx_0000702,2
tx_0000703,2
tx_0000704,2
tx_0000705,2
tx_0000706,3
tx_0000707,2
tx_0000708,2
tx_0000709,2
tx_0000710,3
tx_0000711,2
tx_0000712,3
tx_0000713,3
tx_0000714,2
tx_0000715,2
tx_0000716,2
tx_0000717,1
tx_0000718,3
tx_0000719,3
tx_0000720,2
tx_0000721,3
tx_0000722,1
tx_0000723,2
tx_0000724,3
tx_0000725,2
tx_0000726,2
tx_0000727,3
tx_0000728,3
tx_0000729,2
tx_0000730,1
tx_0000731,2
tx_0000732,2
tx_0000733,2
tx_0000734,2
tx_0000735,3
tx_0000736,2
tx_0000737,2
tx_0000738,2
tx_0000739,2
tx_0000740,3
tx_0000741,2
tx_0000742,2
tx_0000743,2
tx_0000744,2
tx_0000745,3
tx_0000746,2
tx_0000747,2
tx_0000748,3
tx_0000749,3
tx_0000750,3
tx_0000751,2
tx_0000752,2
tx_0000753,3
tx_0000754,3
tx_0000755,2
tx_0000756,2
tx_0000757,2
tx_0000758,2
tx_0000759,2
tx_0000760,2
tx_0000761,3
tx_0000762,2
tx_0000763,1
tx_0000764,2
tx_0000765,3
tx_0000766,2
tx_0000767,2
tx_0000768,2
tx_0000769,2
tx_0000770,2
tx_0000771,2
tx_0000772,2
tx_0000773,2
tx_0000774,3
tx_0000775,2
tx_0000776,3
tx_0000777,2
tx_0000778,3
tx_0000779,2
tx_0000780,3
tx_0000781,2
tx_0000782,2
tx_0000783,3
tx_0000784,2
tx_0000785,2
tx_0000786,3
tx_0000787,2
tx_0000788,2
tx_0000789,2
tx_0000790,2
tx_0000791,2
tx_0000792,3
tx_0000793,2
tx_0000794,3
tx_0000795,2
tx_0000796,2
tx_0000797,2
tx_0000798,2
tx_0000799,2
tx_0000800,3
tx_0000801,2
tx_0000802,3
tx_0000803,1
tx_0000804,2
tx_0000805,2
tx_0000806,2
tx_0000807,1
tx_0000808,2
tx_0000809,2
tx_0000810,2
tx_0000811,3
tx_0000812,2
tx_0000813,2
tx_0000814,1
tx_0000815,2
tx_0000816,2
tx_0000817,2
tx_0000818,2
tx_0000819,2
tx_0000820,3
tx_0000821,2
tx_0000822,2
tx_0000823,2
tx_0000824,3
tx_0000825,3
tx_0000826,3
tx_0000827,2
tx_0000828,2
tx_0000829,3
tx_0000830,2
tx_0000831,2
tx_0000832,3
tx_0000833,2
tx_0000834,2
tx_0000835,2
tx_0000836,2
tx_0000837,2
tx_0000838,2
tx_0000839,2
tx_0000840,2
tx_0000841,2
tx_0000842,3
tx_0000843,3
tx_0000844,3
tx_0000845,2
tx_0000846,3
tx_0000847,3
tx_0000848,2
tx_0000849,2
tx_0000850,2
tx_0000851,2
tx_0000852,1
tx_0000853,1
tx_0000854,2
tx_0000855,2
tx_0000856,1
tx_0000857,3
tx_0000858,3
tx_0000859,3
tx_0000860,3
tx_0000861,2
tx_0000862,2
tx_0000863,3
tx_0000864,1
tx_0000865,2
tx_0000866,2
tx_0000867,2
tx_0000868,2
tx_0000869,2
tx_0000870,2
tx_0000871,2
tx_0000872,2
tx_0000873,2
tx_0000874,3
tx_0000875,3
tx_0000876,2
tx_0000877,2
tx_0000878,2
tx_0000879,3
tx_0000880,2
tx_0000881,3
tx_0000882,2
tx_0000883,2
tx_0000884,3
tx_0000885,1
tx_0000886,2
tx_0000887,1
tx_0000888,3
tx_0000889,3
tx_0000890,2
tx_0000891,2
tx_0000892,3
tx_0000893,1
tx_0000894,2
tx_0000895,2
tx_0000896,2
tx_0000897,2
tx_0000898,3
tx_0000899,2
tx_0000900,2
tx_0000901,2
tx_0000902,3
tx_0000903,3
tx_0000904,2
tx_0000905,2
tx_0000906,2
tx_0000907,2
tx_0000908,2
tx_0000909,2
tx_0000910,2
tx_0000911,2
tx_0000912,3
tx_0000913,1
tx_0000914,2
tx_0000915,2
tx_0000916,3
tx_0000917,3
tx_0000918,2
tx_0000919,3
tx_0000920,2
tx_0000921,2
tx_0000922,2
tx_0000923,3
tx_0000924,3
tx_0000925,2
tx_0000926,2
tx_0000927,3
tx_0000928,2
tx_0000929,2
tx_0000930,3
tx_0000931,2
tx_0000932,3
tx_0000933,2
tx_0000934,3
tx_0000935,3
tx_0000936,2
tx_0000937,1
tx_0000938,3
tx_0000939,3
tx_0000940,2
tx_0000941,2
tx_0000942,2
tx_0000943,1
tx_0000944,2
tx_0000945,2
tx_0000946,3
tx_0000947,2
tx_0000948,2
tx_0000949,2
tx_0000950,3
tx_0000951,2
tx_0000952,3
tx_0000953,2
tx_0000954,2
tx_0000955,2
tx_0000956,3
tx_0000957,3
tx_0000958,3
tx_0000959,3
tx_0000960,3
tx_0000961,3
tx_0000962,1
tx_0000963,3
tx_0000964,1
tx_0000965,3
tx_0000966,3
tx_0000967,2
tx_0000968,2
tx_0000969,2
tx_0000970,1
tx_0000971,3
tx_0000972,2
tx_0000973,2
tx_0000974,2
tx_0000975,2
tx_0000976,2
tx_0000977,3
tx_0000978,2
tx_0000979,3
tx_0000980,3
tx_0000981,2
tx_0000982,2
tx_0000983,2
tx_0000984,2
tx_0000985,3
tx_0000986,1
tx_0000987,3
tx_0000988,2
tx_0000989,2
tx_0000990,2
tx_0000991,2
tx_0000992,2
tx_0000993,2
tx_0000994,3
tx_0000995,2
tx_0000996,2
tx_0000997,2
tx_0000998,3
tx_0000999,2
tx_0001000,2
tx_0001001,3
tx_0001002,2
tx_0001003,2
tx_0001004,3
tx_0001005,2
tx_0001006,2
tx_0001007,3
tx_0001008,3
tx_0001009,3
tx_0001010,2
tx_0001011,2
tx_0001012,2
tx_0001013,1
tx_0001014,2
tx_0001015,3
tx_0001016,2
tx_0001017,3
tx_0001018,2
tx_0001019,2
tx_0001020,2
tx_0001021,3
tx_0001022,3
tx_0001023,2
tx_0001024,2
tx_0001025,2
tx_0001026,2
tx_0001027,2
tx_0001028,2
tx_0001029,2
tx_0001030,2
tx_0001031,2
tx_0001032,2
tx_0001033,3
tx_0001034,3
tx_0001035,2
tx_0001036,2
tx_0001037,3
tx_0001038,2
tx_0001039,2
tx_0001040,3
tx_0001041,3
tx_0001042,2
tx_0001043,3
tx_0001044,2
tx_0001045,2
tx_0001046,3
tx_0001047,3
tx_0001048,2
tx_0001049,2
tx_0001050,2
tx_0001051,3
tx_0001052,2
tx_0001053,3
tx_0001054,2
tx_0001055,2
tx_0001056,3
tx_0001057,3
tx_0001058,2
tx_0001059,2
tx_0001060,2
tx_0001061,2
tx_0001062,2
tx_0001063,2
tx_0001064,2
tx_0001065,3
tx_0001066,2
tx_0001067,3
tx_0001068,2
tx_0001069,3
tx_0001070,2
tx_0001071,3
tx_0001072,2
tx_0001073,3
tx_0001074,2
tx_0001075,2
tx_0001076,2
tx_0001077,2
tx_0001078,2
tx_0001079,2
tx_0001080,1
tx_0001081,3
tx_0001082,1
tx_0001083,3
tx_0001084,2
tx_0001085,2
tx_0001086,2
tx_0001087,3
tx_0001088,2
tx_0001089,3
tx_0001090,2
tx_0001091,3
tx_0001092,2
tx_0001093,2
tx_0001094,2
tx_0001095,1
tx_0001096,3
tx_0001097,2
tx_0001098,2
tx_0001099,2
tx_0001100,3
tx_0001101,2
tx_0001102,2
tx_0001103,2
tx_0001104,3
tx_0001105,2
tx_0001106,2
tx_0001107,3
tx_0001108,2
tx_0001109,2
tx_0001110,2
tx_0001111,2
tx_0001112,2
tx_0001113,3
tx_0001114,2
tx_0001115,2
tx_0001116,1
tx_0001117,2
tx_0001118,3
tx_0001119,2
tx_0001120,1
tx_0001121,3
tx_0001122,2
tx_0001123,2
tx_0001124,2
tx_0001125,3
tx_0001126,2
tx_0001127,2
tx_0001128,3
tx_0001129,2
tx_0001130,2
tx_0001131,2
tx_0001132,1
tx_0001133,2
tx_0001134,2
tx_0001135,2
tx_0001136,2
tx_0001137,2
tx_0001138,1
tx_0001139,2
tx_0001140,2
tx_0001141,2
tx_0001142,3
tx_0001143,2
tx_0001144,3
tx_0001145,2
tx_0001146,2
tx_0001147,3
tx_0001148,2
tx_0001149,2
tx_0001150,3
tx_0001151,3
tx_0001152,2
tx_0001153,3
tx_0001154,2
tx_0001155,2
tx_0001156,1
tx_0001157,2
tx_0001158,2
tx_0001159,2
tx_0001160,2
tx_0001161,2
tx_0001162,2
tx_0001163,1
tx_0001164,2
tx_0001165,2
tx_0001166,2
tx_0001167,2
tx_0001168,2
tx_0001169,1
tx_0001170,3
tx_0001171,2
tx_0001172,2
tx_0001173,3
tx_0001174,3
tx_0001175,2
tx_0001176,2
tx_0001177,2
tx_0001178,2
tx_0001179,3
tx_0001180,3
tx_0001181,3
tx_0001182,3
tx_0001183,3
tx_0001184,2
tx_0001185,3
tx_0001186,3
tx_0001187,1
tx_0001188,2
tx_0001189,3
tx_0001190,3
tx_0001191,2
tx_0001192,1
tx_0001193,2
tx_0001194,2
tx_0001195,2
tx_0001196,3
tx_0001197,3
tx_0001198,3
tx_0001199,2
tx_0001200,2
tx_0001201,2
tx_0001202,2
tx_0001203,2
tx_0001204,3
tx_0001205,2
tx_0001206,3
tx_0001207,2
tx_0001208,3
tx_0001209,2
tx_0001210,2
tx_0001211,2
tx_0001212,2
tx_0001213,2
tx_0001214,2
tx_0001215,2
tx_0001216,2
tx_0001217,2
tx_0001218,1
tx_0001219,2
tx_0001220,2
tx_0001221,2
tx_0001222,2
tx_0001223,2
tx_0001224,2
tx_0001225,3
tx_0001226,1
tx_0001227,3
tx_0001228,2
tx_0001229,3
tx_0001230,2
tx_0001231,1
tx_0001232,2
tx_0001233,3
tx_0001234,3
tx_0001235,3
tx_0001236,3
tx_0001237,2
tx_0001238,2
tx_0001239,3
tx_0001240,2
tx_0001241,3
tx_0001242,2
tx_0001243,3
tx_0001244,2
tx_0001245,3
tx_0001246,2
tx_0001247,3
tx_0001248,2
tx_0001249,2
tx_0001250,3
tx_0001251,3
tx_0001252,1
tx_0001253,2
tx_0001254,3
tx_0001255,2
tx_0001256,3
tx_0001257,3
tx_0001258,3
tx_0001259,2
tx_0001260,2
tx_0001261,3
tx_0001262,3
tx_0001263,2
tx_0001264,2
tx_0001265,3
tx_0001266,2
tx_0001267,3
tx_0001268,2
tx_0001269,2
tx_0001270,2
tx_0001271,3
tx_0001272,2
tx_0001273,2
tx_0001274,2
tx_0001275,3
tx_0001276,2
tx_0001277,2
tx_0001278,2
tx_0001279,2
tx_0001280,3
tx_0001281,2
tx_0001282,2
tx_0001283,2
tx_0001284,1
tx_0001285,2
tx_0001286,2
tx_0001287,3
tx_0001288,1
tx_0001289,2
tx_0001290,2
tx_0001291,1
tx_0001292,3
tx_0001293,2
tx_0001294,2
tx_0001295,2
tx_0001296,2
tx_0001297,2
tx_0001298,3
tx_0001299,2
tx_0001300,2
tx_0001301,1
tx_0001302,2
tx_0001303,3
tx_0001304,2
tx_0001305,3
tx_0001306,2
tx_0001307,2
tx_0001308,2
tx_0001309,2
tx_0001310,2
tx_0001311,2
tx_0001312,1
tx_0001313,2
tx_0001314,2
tx_0001315,2
tx_0001316,3
tx_0001317,2
tx_0001318,3
tx_0001319,2
tx_0001320,3
tx_0001321,3
tx_0001322,1
tx_0001323,2
tx_0001324,3
tx_0001325,3
tx_0001326,1
tx_0001327,3
tx_0001328,1
tx_0001329,1
tx_0001330,2
tx_0001331,2
tx_0001332,1
tx_0001333,3
tx_0001334,1
tx_0001335,2
tx_0001336,3
tx_0001337,2
tx_0001338,1
tx_0001339,2
tx_0001340,2
tx_0001341,3
tx_0001342,3
tx_0001343,3
tx_0001344,3
tx_0001345,2
tx_0001346,3
tx_0001347,2
tx_0001348,3
tx_0001349,2
tx_0001350,2
tx_0001351,2
tx_0001352,2
tx_0001353,2
tx_0001354,1
tx_0001355,2
tx_0001356,3
tx_0001357,2
tx_0001358,2
tx_0001359,2
tx_0001360,3
tx_0001361,2
tx_0001362,2
tx_0001363,2
tx_0001364,2
tx_0001365,2
tx_0001366,2
tx_0001367,2
tx_0001368,1
tx_0001369,3
tx_0001370,3
tx_0001371,2
tx_0001372,2
tx_0001373,3
tx_0001374,2
tx_0001375,3
tx_0001376,2
tx_0001377,2
tx_0001378,2
tx_0001379,3
tx_0001380,2
tx_0001381,3
tx_0001382,2
tx_0001383,2
tx_0001384,2
tx_0001385,2
tx_0001386,3
tx_0001387,3
tx_0001388,2
tx_0001389,2
tx_0001390,2
tx_0001391,2
tx_0001392,3
tx_0001393,3
tx_0001394,2
tx_0001395,2
tx_0001396,2
tx_0001397,3
tx_0001398,2
tx_0001399,2
tx_0001400,1
tx_0001401,2
tx_0001402,3
tx_0001403,3
tx_0001404,2
tx_0001405,2
tx_0001406,2
tx_0001407,2
tx_0001408,2
tx_0001409,3
tx_0001410,2
tx_0001411,2
tx_0001412,2
tx_0001413,2
tx_0001414,3
tx_0001415,3
tx_0001416,2
tx_0001417,3
tx_0001418,1
tx_0001419,3
tx_0001420,2
tx_0001421,2
tx_0001422,2
tx_0001423,2
tx_0001424,3
tx_0001425,2
tx_0001426,1
tx_0001427,3
tx_0001428,3
tx_0001429,2
tx_0001430,3
tx_0001431,3
tx_0001432,2
tx_0001433,1
tx_0001434,1
tx_0001435,2
tx_0001436,3
tx_0001437,3
tx_0001438,3
tx_0001439,2
tx_0001440,3
tx_0001441,2
tx_0001442,1
tx_0001443,2
tx_0001444,2
tx_0001445,2
tx_0001446,2
tx_0001447,3
tx_0001448,3
tx_0001449,1
tx_0001450,3
tx_0001451,3
tx_0001452,2
tx_0001453,3
tx_0001454,2
tx_0001455,2
tx_0001456,2
tx_0001457,3
tx_0001458,2
tx_0001459,2
tx_0001460,2
tx_0001461,2
tx_0001462,1
tx_0001463,2
tx_0001464,2
tx_0001465,2
tx_0001466,2
tx_0001467,3
tx_0001468,2
tx_0001469,2
tx_0001470,2
tx_0001471,2
tx_0001472,1
tx_0001473,2
tx_0001474,2
tx_0001475,2
tx_0001476,1
tx_0001477,2
tx_0001478,2
tx_0001479,2
tx_0001480,3
tx_0001481,2
tx_0001482,3
tx_0001483,2
tx_0001484,2
tx_0001485,1
tx_0001486,3
tx_0001487,3
tx_0001488,2
tx_0001489,2
tx_0001490,3
tx_0001491,2
tx_0001492,2
tx_0001493,3
tx_0001494,2
tx_0001495,2
tx_0001496,3
tx_0001497,2
tx_0001498,2
tx_0001499,2
tx_0001500,2
tx_0001501,3
tx_0001502,2
tx_0001503,2
tx_0001504,2
tx_0001505,2
tx_0001506,1
tx_0001507,2
tx_0001508,3
tx_0001509,2
tx_0001510,3
tx_0001511,2
tx_0001512,2
tx_0001513,2
tx_0001514,2
tx_0001515,1
tx_0001516,2
tx_0001517,2
tx_0001518,2
tx_0001519,2
tx_0001520,2
tx_0001521,2
tx_0001522,2
tx_0001523,3
tx_0001524,3
tx_0001525,3
tx_0001526,1
tx_0001527,2
tx_0001528,1
tx_0001529,3
tx_0001530,3
tx_0001531,3
tx_0001532,2
tx_0001533,3
tx_0001534,3
tx_0001535,3
tx_0001536,2
tx_0001537,2
tx_0001538,2
tx_0001539,2
tx_0001540,3
tx_0001541,2
tx_0001542,2
tx_0001543,3
tx_0001544,2
tx_0001545,2
tx_0001546,1
tx_0001547,2
tx_0001548,2
tx_0001549,2
tx_0001550,2
tx_0001551,3
tx_0001552,2
tx_0001553,2
tx_0001554,2
tx_0001555,2
tx_0001556,2
tx_0001557,3
tx_0001558,2
tx_0001559,2
tx_0001560,2
tx_0001561,3
tx_0001562,3
tx_0001563,3
tx_0001564,3
tx_0001565,2
tx_0001566,2
tx_0001567,2
tx_0001568,3
tx_0001569,2
tx_0001570,2
tx_0001571,3
tx_0001572,2
tx_0001573,2
tx_0001574,2
tx_0001575,2
tx_0001576,2
tx_0001577,2
tx_0001578,2
tx_0001579,3
tx_0001580,1
tx_0001581,2
tx_0001582,3
tx_0001583,3
tx_0001584,1
tx_0001585,2
tx_0001586,3
tx_0001587,2
tx_0001588,2
tx_0001589,2
tx_0001590,2
tx_0001591,3
tx_0001592,3
tx_0001593,3
tx_0001594,2
tx_0001595,3
tx_0001596,2
tx_0001597,2
tx_0001598,2
tx_0001599,2
tx_0001600,2
tx_0001601,2
tx_0001602,3
tx_0001603,2
tx_0001604,3
tx_0001605,2
tx_0001606,2
tx_0001607,2
tx_0001608,2
tx_0001609,3
tx_0001610,2
tx_0001611,3
tx_0001612,2
tx_0001613,2
tx_0001614,3
tx_0001615,1
tx_0001616,2
tx_0001617,1
tx_0001618,1
tx_0001619,2
tx_0001620,2
tx_0001621,2
tx_0001622,2
tx_0001623,2
tx_0001624,3
tx_0001625,1
tx_0001626,2
tx_0001627,2
tx_0001628,2
tx_0001629,2
tx_0001630,2
tx_0001631,2
tx_0001632,3
tx_0001633,2
tx_0001634,3
tx_0001635,2
tx_0001636,2
tx_0001637,2
tx_0001638,2
tx_0001639,3
tx_0001640,3
tx_0001641,3
tx_0001642,1
tx_0001643,1
tx_0001644,1
tx_0001645,2
tx_0001646,3
tx_0001647,2
tx_0001648,2
tx_0001649,1
tx_0001650,3
tx_0001651,2
tx_0001652,2
tx_0001653,2
tx_0001654,3
tx_0001655,2
tx_0001656,3
tx_0001657,2
tx_0001658,3
tx_0001659,2
tx_0001660,3
tx_0001661,2
tx_0001662,2
tx_0001663,3
tx_0001664,3
tx_0001665,2
tx_0001666,3
tx_0001667,2
tx_0001668,2
tx_0001669,2
tx_0001670,2
tx_0001671,1
tx_0001672,2
tx_0001673,2
tx_0001674,2
tx_0001675,3
tx_0001676,2
tx_0001677,2
tx_0001678,3
tx_0001679,1
tx_0001680,2
tx_0001681,2
tx_0001682,2
tx_0001683,2
tx_0001684,2
tx_0001685,2
tx_0001686,1
tx_0001687,2
tx_0001688,2
tx_0001689,2
tx_0001690,2
tx_0001691,3
tx_0001692,3
tx_0001693,3
tx_0001694,2
tx_0001695,2
tx_0001696,1
tx_0001697,2
tx_0001698,2
tx_0001699,2
tx_0001700,2
tx_0001701,2
tx_0001702,2
tx_0001703,2
tx_0001704,2
tx_0001705,3
tx_0001706,3
tx_0001707,2
tx_0001708,3
tx_0001709,2
tx_0001710,3
tx_0001711,2
tx_0001712,3
tx_0001713,3
tx_0001714,2
tx_0001715,1
tx_0001716,2
tx_0001717,3
tx_0001718,3
tx_0001719,2
tx_0001720,2
tx_0001721,2
tx_0001722,2
tx_0001723,3
tx_0001724,3
tx_0001725,3
tx_0001726,3
tx_0001727,3
tx_0001728,3
tx_0001729,2
tx_0001730,2
tx_0001731,3
tx_0001732,2
tx_0001733,2
tx_0001734,3
tx_0001735,2
tx_0001736,2
tx_0001737,2
tx_0001738,2
tx_0001739,2
tx_0001740,3
tx_0001741,1
tx_0001742,2
tx_0001743,2
tx_0001744,2
tx_0001745,2
tx_0001746,2
tx_0001747,3
tx_0001748,2
tx_0001749,2
tx_0001750,2
tx_0001751,1
tx_0001752,2
tx_0001753,3
tx_0001754,2
tx_0001755,2
tx_0001756,1
tx_0001757,3
tx_0001758,3
tx_0001759,3
tx_0001760,2
tx_0001761,3
tx_0001762,3
tx_0001763,2
tx_0001764,2
tx_0001765,2
tx_0001766,3
tx_0001767,3
tx_0001768,2
tx_0001769,3
tx_0001770,3
tx_0001771,3
tx_0001772,2
tx_0001773,2
tx_0001774,2
tx_0001775,3
tx_0001776,1
tx_0001777,2
tx_0001778,2
tx_0001779,3
tx_0001780,1
tx_0001781,3
tx_0001782,3
tx_0001783,2
tx_0001784,2
tx_0001785,2
tx_0001786,3
tx_0001787,3
tx_0001788,2
tx_0001789,1
tx_0001790,2
tx_0001791,2
tx_0001792,2
tx_0001793,3
tx_0001794,2
tx_0001795,3
tx_0001796,1
tx_0001797,2
tx_0001798,2
tx_0001799,3
tx_0001800,2
tx_0001801,3
tx_0001802,3
tx_0001803,2
tx_0001804,2
tx_0001805,2
tx_0001806,2
tx_0001807,3
tx_0001808,2
tx_0001809,2
tx_0001810,2
tx_0001811,3
tx_0001812,2
tx_0001813,3
tx_0001814,3
tx_0001815,3
tx_0001816,2
tx_0001817,2
tx_0001818,2
tx_0001819,3
tx_0001820,3
tx_0001821,3
tx_0001822,2
tx_0001823,2
tx_0001824,1
tx_0001825,1
tx_0001826,2
tx_0001827,3
tx_0001828,2
tx_0001829,2
tx_0001830,2
tx_0001831,1
tx_0001832,1
tx_0001833,2
tx_0001834,2
tx_0001835,2
tx_0001836,2
tx_0001837,2
tx_0001838,3
tx_0001839,2
tx_0001840,3
tx_0001841,2
tx_0001842,2
tx_0001843,2
tx_0001844,2
tx_0001845,3
tx_0001846,1
tx_0001847,2
tx_0001848,1
tx_0001849,2
tx_0001850,1
tx_0001851,2
tx_0001852,1
tx_0001853,2
tx_0001854,3
tx_0001855,2
tx_0001856,2
tx_0001857,2
tx_0001858,2
tx_0001859,2
tx_0001860,3
tx_0001861,3
tx_0001862,1
tx_0001863,2
tx_0001864,2
tx_0001865,1
tx_0001866,2
tx_0001867,3
tx_0001868,2
tx_0001869,2
tx_0001870,2
tx_0001871,3
tx_0001872,3
tx_0001873,2
tx_0001874,3
tx_0001875,2
tx_0001876,3
tx_0001877,2
tx_0001878,2
tx_0001879,2
tx_0001880,3
tx_0001881,1
tx_0001882,3
tx_0001883,2
tx_0001884,2
tx_0001885,3
tx_0001886,2
tx_0001887,3
tx_0001888,2
tx_0001889,3
tx_0001890,3
tx_0001891,2
tx_0001892,2
tx_0001893,3
tx_0001894,3
tx_0001895,2
tx_0001896,2
tx_0001897,2
tx_0001898,3
tx_0001899,1
tx_0001900,2
tx_0001901,3
tx_0001902,3
tx_0001903,2
tx_0001904,3
tx_0001905,1
tx_0001906,2
tx_0001907,2
tx_0001908,3
tx_0001909,2
tx_0001910,2
tx_0001911,2
tx_0001912,2
tx_0001913,2
tx_0001914,2
tx_0001915,2
tx_0001916,2
tx_0001917,3
tx_0001918,2
tx_0001919,2
tx_0001920,3
tx_0001921,3
tx_0001922,2
tx_0001923,3
tx_0001924,2
tx_0001925,2
tx_0001926,2
tx_0001927,2
tx_0001928,2
tx_0001929,1
tx_0001930,2
tx_0001931,1
tx_0001932,2
tx_0001933,2
tx_0001934,2
tx_0001935,2
tx_0001936,2
tx_0001937,2
tx_0001938,2
tx_0001939,2
tx_0001940,2
tx_0001941,3
tx_0001942,2
tx_0001943,2
tx_0001944,3
tx_0001945,2
tx_0001946,2
tx_0001947,2
tx_0001948,3
tx_0001949,3
tx_0001950,2
tx_0001951,2
tx_0001952,2
tx_0001953,2
tx_0001954,3
tx_0001955,3
tx_0001956,3
tx_0001957,2
tx_0001958,1
tx_0001959,3
tx_0001960,2
tx_0001961,3
tx_0001962,1
tx_0001963,2
tx_0001964,2
tx_0001965,2
tx_0001966,2
tx_0001967,3
tx_0001968,2
tx_0001969,2
tx_0001970,2
tx_0001971,1
tx_0001972,2
tx_0001973,1
tx_0001974,2
tx_0001975,3
tx_0001976,2
tx_0001977,2
tx_0001978,2
tx_0001979,2
tx_0001980,2
tx_0001981,3
tx_0001982,3
tx_0001983,2
tx_0001984,2
tx_0001985,1
tx_0001986,3
tx_0001987,2
tx_0001988,3
tx_0001989,3
tx_0001990,3
tx_0001991,2
tx_0001992,2
tx_0001993,2
tx_0001994,2
tx_0001995,3
tx_0001996,3
tx_0001997,3
tx_0001998,2
tx_0001999,2
tx_0002000,3
tx_0002001,2
tx_0002002,2
tx_0002003,2
tx_0002004,3
tx_0002005,2
tx_0002006,2
tx_0002007,2
tx_0002008,2
tx_0002009,2
tx_0002010,3
tx_0002011,3
tx_0002012,3
tx_0002013,3
tx_0002014,2
tx_0002015,2
tx_0002016,1
tx_0002017,2
tx_0002018,2
tx_0002019,3
tx_0002020,1
tx_0002021,2
tx_0002022,2
tx_0002023,1
tx_0002024,2
tx_0002025,2
tx_0002026,2
tx_0002027,3
tx_0002028,3
tx_0002029,3
tx_0002030,3
tx_0002031,3
tx_0002032,3
tx_0002033,2
tx_0002034,3
tx_0002035,3
tx_0002036,3
tx_0002037,2
tx_0002038,2
tx_0002039,2
tx_0002040,3
tx_0002041,3
tx_0002042,1
tx_0002043,2
tx_0002044,2
tx_0002045,1
tx_0002046,3
tx_0002047,2
tx_0002048,2
tx_0002049,2
tx_0002050,1
tx_0002051,1
tx_0002052,3
tx_0002053,3
tx_0002054,3
tx_0002055,2
tx_0002056,3
tx_0002057,2
tx_0002058,3
tx_0002059,2
tx_0002060,2
tx_0002061,2
tx_0002062,3
tx_0002063,2
tx_0002064,1
tx_0002065,2
tx_0002066,2
tx_0002067,3
tx_0002068,3
tx_0002069,3
tx_0002070,2
tx_0002071,2
tx_0002072,2
tx_0002073,2
tx_0002074,3
tx_0002075,1
tx_0002076,2
tx_0002077,3
tx_0002078,2
tx_0002079,3
tx_0002080,2
tx_0002081,2
tx_0002082,2
tx_0002083,2
tx_0002084,2
tx_0002085,3
tx_0002086,3
tx_0002087,2
tx_0002088,3
tx_0002089,2
tx_0002090,3
tx_0002091,3
tx_0002092,1
tx_0002093,2
tx_0002094,3
tx_0002095,1
tx_0002096,2
tx_0002097,3
tx_0002098,2
tx_0002099,3
tx_0002100,1
tx_0002101,2
tx_0002102,2
tx_0002103,1
tx_0002104,2
tx_0002105,3
tx_0002106,2
tx_0002107,2
tx_0002108,3
tx_0002109,2
tx_0002110,3
tx_0002111,3
tx_0002112,2
tx_0002113,3
tx_0002114,3
tx_0002115,2
tx_0002116,3
tx_0002117,2
tx_0002118,3
tx_0002119,3
tx_0002120,2
tx_0002121,2
tx_0002122,2
tx_0002123,3
tx_0002124,3
tx_0002125,3
tx_0002126,3
tx_0002127,3
tx_0002128,2
tx_0002129,2
tx_0002130,3
tx_0002131,2
tx_0002132,1
tx_0002133,3
tx_0002134,3
tx_0002135,2
tx_0002136,2
tx_0002137,3
tx_0002138,2
tx_0002139,2
tx_0002140,2
tx_0002141,3
tx_0002142,3
tx_0002143,2
tx_0002144,2
tx_0002145,2
tx_0002146,2
tx_0002147,1
tx_0002148,3
tx_0002149,2
tx_0002150,2
tx_0002151,3
tx_0002152,2
tx_0002153,2
tx_0002154,2
tx_0002155,1
tx_0002156,2
tx_0002157,3
tx_0002158,3
tx_0002159,2
tx_0002160,2
tx_0002161,2
tx_0002162,3
tx_0002163,3
tx_0002164,2
tx_0002165,3
tx_0002166,3
tx_0002167,3
tx_0002168,2
tx_0002169,2
tx_0002170,2
tx_0002171,2
tx_0002172,3
tx_0002173,2
tx_0002174,1
tx_0002175,2
tx_0002176,2
tx_0002177,3
tx_0002178,2
tx_0002179,3
tx_0002180,2
tx_0002181,2
tx_0002182,2
tx_0002183,2
tx_0002184,2
tx_0002185,2
tx_0002186,3
tx_0002187,2
tx_0002188,2
tx_0002189,2
tx_0002190,3
tx_0002191,2
tx_0002192,2
tx_0002193,2
tx_0002194,2
tx_0002195,3
tx_0002196,2
tx_0002197,2
tx_0002198,2
tx_0002199,2
tx_0002200,3
tx_0002201,3
tx_0002202,1
tx_0002203,3
tx_0002204,2
tx_0002205,3
tx_0002206,3
tx_0002207,2
tx_0002208,2
tx_0002209,2
tx_0002210,2
tx_0002211,2
tx_0002212,2
tx_0002213,2
tx_0002214,3
tx_0002215,3
tx_0002216,3
tx_0002217,2
tx_0002218,3
tx_0002219,3
tx_0002220,2
tx_0002221,2
tx_0002222,2
tx_0002223,2
tx_0002224,2
tx_0002225,3
tx_0002226,2
tx_0002227,2
tx_0002228,3
tx_0002229,3
tx_0002230,2
tx_0002231,2
tx_0002232,2
tx_0002233,3
tx_0002234,1
tx_0002235,2
tx_0002236,3
tx_0002237,2
tx_0002238,2
tx_0002239,3
tx_0002240,2
tx_0002241,2
tx_0002242,3
tx_0002243,1
tx_0002244,3
tx_0002245,2
tx_0002246,3
tx_0002247,2
tx_0002248,2
tx_0002249,2
tx_0002250,2
tx_0002251,2
tx_0002252,2
tx_0002253,3
tx_0002254,2
tx_0002255,2
tx_0002256,2
tx_0002257,3
tx_0002258,3
tx_0002259,2
tx_0002260,2
tx_0002261,2
tx_0002262,2
tx_0002263,3
tx_0002264,3
tx_0002265,1
tx_0002266,2
tx_0002267,1
tx_0002268,2
tx_0002269,2
tx_0002270,2
tx_0002271,2
tx_0002272,2
tx_0002273,2
tx_0002274,3
tx_0002275,2
tx_0002276,1
tx_0002277,2
tx_0002278,2
tx_0002279,3
tx_0002280,3
tx_0002281,3
tx_0002282,3
tx_0002283,2
tx_0002284,2
tx_0002285,2
tx_0002286,2
tx_0002287,2
tx_0002288,2
tx_0002289,2
tx_0002290,2
tx_0002291,3
tx_0002292,2
tx_0002293,2
tx_0002294,2
tx_0002295,2
tx_0002296,3
tx_0002297,3
tx_0002298,2
tx_0002299,2
tx_0002300,2
tx_0002301,2
tx_0002302,3
tx_0002303,1
tx_0002304,2
tx_0002305,2
tx_0002306,2
tx_0002307,3
tx_0002308,2
tx_0002309,2
tx_0002310,3
tx_0002311,2
tx_0002312,2
tx_0002313,2
tx_0002314,2
tx_0002315,3
tx_0002316,2
tx_0002317,2
tx_0002318,2
tx_0002319,2
tx_0002320,2
tx_0002321,2
tx_0002322,2
tx_0002323,2
tx_0002324,1
tx_0002325,2
tx_0002326,1
tx_0002327,1
tx_0002328,2
tx_0002329,2
tx_0002330,2
tx_0002331,2
tx_0002332,2
tx_0002333,3
tx_0002334,3
tx_0002335,2
tx_0002336,2
tx_0002337,1
tx_0002338,3
tx_0002339,3
tx_0002340,2
tx_0002341,3
tx_0002342,2
tx_0002343,2
tx_0002344,2
tx_0002345,3
tx_0002346,2
tx_0002347,2
tx_0002348,2
tx_0002349,2
tx_0002350,3
tx_0002351,2
tx_0002352,2
tx_0002353,2
tx_0002354,2
tx_0002355,2
tx_0002356,2
tx_0002357,2
tx_0002358,3
tx_0002359,2
tx_0002360,2
tx_0002361,2
tx_0002362,2
tx_0002363,2
tx_0002364,2
tx_0002365,3
tx_0002366,1
tx_0002367,3
tx_0002368,2
tx_0002369,2
tx_0002370,2
tx_0002371,3
tx_0002372,2
tx_0002373,3
tx_0002374,3
tx_0002375,3
tx_0002376,2
tx_0002377,2
tx_0002378,2
tx_0002379,3
tx_0002380,3
tx_0002381,2
tx_0002382,2
tx_0002383,2
tx_0002384,3
tx_0002385,2
tx_0002386,1
tx_0002387,2
tx_0002388,2
tx_0002389,2
tx_0002390,2
tx_0002391,2
tx_0002392,2
tx_0002393,2
tx_0002394,2
tx_0002395,3
tx_0002396,2
tx_0002397,3
tx_0002398,3
tx_0002399,2
tx_0002400,2
tx_0002401,2
tx_0002402,2
tx_0002403,3
tx_0002404,3
tx_0002405,2
tx_0002406,2
tx_0002407,3
tx_0002408,2
tx_0002409,2
tx_0002410,2
tx_0002411,2
tx_0002412,3
tx_0002413,3
tx_0002414,3
tx_0002415,1
tx_0002416,2
tx_0002417,3
tx_0002418,3
tx_0002419,2
tx_0002420,2
tx_0002421,2
tx_0002422,2
tx_0002423,2
tx_0002424,3
tx_0002425,2
tx_0002426,2
tx_0002427,2
tx_0002428,2
tx_0002429,2
tx_0002430,2
tx_0002431,2
tx_0002432,2
tx_0002433,3
tx_0002434,3
tx_0002435,3
tx_0002436,2
tx_0002437,3
tx_0002438,3
tx_0002439,3
tx_0002440,2
tx_0002441,2
tx_0002442,1
tx_0002443,3
tx_0002444,2
tx_0002445,2
tx_0002446,2
tx_0002447,2
tx_0002448,3
tx_0002449,2
tx_0002450,2
tx_0002451,2
tx_0002452,2
tx_0002453,3
tx_0002454,3
tx_0002455,3
tx_0002456,2
tx_0002457,2
tx_0002458,3
tx_0002459,3
tx_0002460,2
tx_0002461,2
tx_0002462,3
tx_0002463,3
tx_0002464,2
tx_0002465,1
tx_0002466,2
tx_0002467,2
tx_0002468,2
tx_0002469,3
tx_0002470,2
tx_0002471,1
tx_0002472,3
tx_0002473,3
tx_0002474,3
tx_0002475,2
tx_0002476,3
tx_0002477,2
tx_0002478,2
tx_0002479,3
tx_0002480,3
tx_0002481,2
tx_0002482,2
tx_0002483,3
tx_0002484,2
tx_0002485,2
tx_0002486,3
tx_0002487,2
tx_0002488,1
tx_0002489,2
tx_0002490,2
tx_0002491,2
tx_0002492,3
tx_0002493,3
tx_0002494,2
tx_0002495,2
tx_0002496,2
tx_0002497,2
tx_0002498,3
tx_0002499,2
tx_0002500,2
tx_0002501,2
tx_0002502,2
tx_0002503,2
tx_0002504,2
tx_0002505,2
tx_0002506,2
tx_0002507,2
tx_0002508,2
tx_0002509,2
tx_0002510,3
tx_0002511,3
tx_0002512,2
tx_0002513,3
tx_0002514,2
tx_0002515,2
tx_0002516,2
tx_0002517,2
tx_0002518,1
tx_0002519,2
tx_0002520,2
tx_0002521,3
tx_0002522,2
tx_0002523,3
tx_0002524,2
tx_0002525,2
tx_0002526,3
tx_0002527,2
tx_0002528,2
tx_0002529,3
tx_0002530,2
tx_0002531,2
tx_0002532,2
tx_0002533,3
tx_0002534,2
tx_0002535,2
tx_0002536,2
tx_0002537,2
tx_0002538,2
tx_0002539,2
tx_0002540,2
tx_0002541,2
tx_0002542,2
tx_0002543,2
tx_0002544,2
tx_0002545,3
tx_0002546,2
tx_0002547,2
tx_0002548,3
tx_0002549,3
tx_0002550,2
tx_0002551,1
tx_0002552,2
tx_0002553,3
tx_0002554,2
tx_0002555,2
tx_0002556,2
tx_0002557,2
tx_0002558,2
tx_0002559,1
tx_0002560,3
tx_0002561,1
tx_0002562,2
tx_0002563,2
tx_0002564,3
tx_0002565,2
tx_0002566,3
tx_0002567,2
tx_0002568,3
tx_0002569,2
tx_0002570,2
tx_0002571,3
tx_0002572,2
tx_0002573,2
tx_0002574,2
tx_0002575,1
tx_0002576,3
tx_0002577,2
tx_0002578,2
tx_0002579,2
tx_0002580,2
tx_0002581,1
tx_0002582,2
tx_0002583,2
tx_0002584,2
tx_0002585,3
tx_0002586,3
tx_0002587,2
tx_0002588,2
tx_0002589,3
tx_0002590,3
tx_0002591,3
tx_0002592,2
tx_0002593,1
tx_0002594,2
tx_0002595,3
tx_0002596,2
tx_0002597,3
tx_0002598,2
tx_0002599,2
tx_0002600,3
tx_0002601,2
tx_0002602,2
tx_0002603,3
tx_0002604,2
tx_0002605,3
tx_0002606,2
tx_0002607,3
tx_0002608,2
tx_0002609,2
tx_0002610,2
tx_0002611,2
tx_0002612,2
tx_0002613,2
tx_0002614,2
tx_0002615,2
tx_0002616,2
tx_0002617,2
tx_0002618,2
tx_0002619,3
tx_0002620,2
tx_0002621,2
tx_0002622,3
tx_0002623,2
tx_0002624,3
tx_0002625,2
tx_0002626,2
tx_0002627,2
tx_0002628,2
tx_0002629,3
tx_0002630,2
tx_0002631,2
tx_0002632,2
tx_0002633,3
tx_0002634,2
tx_0002635,3
tx_0002636,2
tx_0002637,2
tx_0002638,3
tx_0002639,2
tx_0002640,2
tx_0002641,1
tx_0002642,1
tx_0002643,3
tx_0002644,3
tx_0002645,3
tx_0002646,3
tx_0002647,2
tx_0002648,3
tx_0002649,2
tx_0002650,2
tx_0002651,2
tx_0002652,2
tx_0002653,3
tx_0002654,3
tx_0002655,3
tx_0002656,2
tx_0002657,2
tx_0002658,3
tx_0002659,3
tx_0002660,2
tx_0002661,3
tx_0002662,2
tx_0002663,2
tx_0002664,3
tx_0002665,2
tx_0002666,1
tx_0002667,2
tx_0002668,3
tx_0002669,3
tx_0002670,3
tx_0002671,2
tx_0002672,2
tx_0002673,2
tx_0002674,3
tx_0002675,2
tx_0002676,3
tx_0002677,2
tx_0002678,3
tx_0002679,2
tx_0002680,2
tx_0002681,2
tx_0002682,2
tx_0002683,2
tx_0002684,3
tx_0002685,1
tx_0002686,3
tx_0002687,2
tx_0002688,1
tx_0002689,2
tx_0002690,2
tx_0002691,2
tx_0002692,3
tx_0002693,2
tx_0002694,2
tx_0002695,1
tx_0002696,2
tx_0002697,3
tx_0002698,2
tx_0002699,3
tx_0002700,2
tx_0002701,2
tx_0002702,3
tx_0002703,3
tx_0002704,3
tx_0002705,3
tx_0002706,2
tx_0002707,2
tx_0002708,2
tx_0002709,2
tx_0002710,2
tx_0002711,3
tx_0002712,2
tx_0002713,2
tx_0002714,2
tx_0002715,3
tx_0002716,1
tx_0002717,3
tx_0002718,2
tx_0002719,2
tx_0002720,2
tx_0002721,2
tx_0002722,2
tx_0002723,2
tx_0002724,2
tx_0002725,1
tx_0002726,3
tx_0002727,2
tx_0002728,2
tx_0002729,2
tx_0002730,2
tx_0002731,1
tx_0002732,2
tx_0002733,2
tx_0002734,2
tx_0002735,2
tx_0002736,2
tx_0002737,3
tx_0002738,2
tx_0002739,2
tx_0002740,3
tx_0002741,2
tx_0002742,2
tx_0002743,2
tx_0002744,1
tx_0002745,2
tx_0002746,2
tx_0002747,2
tx_0002748,3
tx_0002749,2
tx_0002750,3
tx_0002751,2
tx_0002752,3
tx_0002753,2
tx_0002754,2
tx_0002755,3
tx_0002756,2
tx_0002757,2
tx_0002758,2
tx_0002759,2
tx_0002760,3
tx_0002761,2
tx_0002762,2
tx_0002763,1
tx_0002764,2
tx_0002765,3
tx_0002766,3
tx_0002767,2
tx_0002768,2
tx_0002769,2
tx_0002770,2
tx_0002771,2
tx_0002772,2
tx_0002773,2
tx_0002774,2
tx_0002775,3
tx_0002776,2
tx_0002777,2
tx_0002778,2
tx_0002779,2
tx_0002780,2
tx_0002781,2
tx_0002782,2
tx_0002783,2
tx_0002784,2
tx_0002785,2
tx_0002786,2
tx_0002787,2
tx_0002788,3
tx_0002789,3
tx_0002790,2
tx_0002791,2
tx_0002792,2
tx_0002793,3
tx_0002794,2
tx_0002795,3
tx_0002796,1
tx_0002797,1
tx_0002798,2
tx_0002799,3
tx_0002800,1
tx_0002801,2
tx_0002802,3
tx_0002803,1
tx_0002804,2
tx_0002805,2
tx_0002806,2
tx_0002807,2
tx_0002808,2
tx_0002809,2
tx_0002810,3
tx_0002811,1
tx_0002812,2
tx_0002813,3
tx_0002814,2
tx_0002815,3
tx_0002816,2
tx_0002817,3
tx_0002818,3
tx_0002819,3
tx_0002820,3
tx_0002821,2
tx_0002822,3
tx_0002823,2
tx_0002824,2
tx_0002825,2
tx_0002826,2
tx_0002827,2
tx_0002828,3
tx_0002829,3
tx_0002830,2
tx_0002831,1
tx_0002832,3
tx_0002833,3
tx_0002834,3
tx_0002835,2
tx_0002836,3
tx_0002837,3
tx_0002838,3
tx_0002839,1
tx_0002840,2
tx_0002841,2
tx_0002842,2
tx_0002843,2
tx_0002844,1
tx_0002845,3
tx_0002846,3
tx_0002847,3
tx_0002848,3
tx_0002849,2
tx_0002850,2
tx_0002851,2
tx_0002852,2
tx_0002853,3
tx_0002854,2
tx_0002855,2
tx_0002856,2
tx_0002857,2
tx_0002858,2
tx_0002859,3
tx_0002860,3
tx_0002861,2
tx_0002862,2
tx_0002863,2
tx_0002864,1
tx_0002865,1
tx_0002866,2
tx_0002867,1
tx_0002868,3
tx_0002869,2
tx_0002870,2
tx_0002871,2
tx_0002872,3
tx_0002873,3
tx_0002874,3
tx_0002875,2
tx_0002876,1
tx_0002877,2
tx_0002878,1
tx_0002879,2
tx_0002880,2
tx_0002881,2
tx_0002882,2
tx_0002883,3
tx_0002884,2
tx_0002885,2
tx_0002886,2
tx_0002887,3
tx_0002888,2
tx_0002889,1
tx_0002890,2
tx_0002891,2
tx_0002892,1
tx_0002893,2
tx_0002894,3
tx_0002895,2
tx_0002896,2
tx_0002897,2
tx_0002898,2
tx_0002899,1
tx_0002900,2
tx_0002901,2
tx_0002902,3
tx_0002903,2
tx_0002904,2
tx_0002905,3
tx_0002906,2
tx_0002907,3
tx_0002908,3
tx_0002909,3
tx_0002910,2
tx_0002911,3
tx_0002912,2
tx_0002913,3
tx_0002914,2
tx_0002915,2
tx_0002916,3
tx_0002917,3
tx_0002918,2
tx_0002919,2
tx_0002920,3
tx_0002921,2
tx_0002922,3
tx_0002923,3
tx_0002924,2
tx_0002925,2
tx_0002926,2
tx_0002927,2
tx_0002928,2
tx_0002929,2
tx_0002930,2
tx_0002931,1
tx_0002932,3
tx_0002933,2
tx_0002934,3
tx_0002935,2
tx_0002936,3
tx_0002937,2
tx_0002938,2
tx_0002939,2
tx_0002940,2
tx_0002941,3
tx_0002942,2
tx_0002943,2
tx_0002944,3
tx_0002945,2
tx_0002946,2
tx_0002947,2
tx_0002948,2
tx_0002949,3
tx_0002950,1
tx_0002951,3
tx_0002952,3
tx_0002953,1
tx_0002954,2
tx_0002955,3
tx_0002956,3
tx_0002957,2
tx_0002958,2
tx_0002959,2
tx_0002960,2
tx_0002961,1
tx_0002962,2
tx_0002963,2
tx_0002964,2
tx_0002965,2
tx_0002966,2
tx_0002967,1
tx_0002968,2
tx_0002969,3
tx_0002970,1
tx_0002971,2
tx_0002972,2
tx_0002973,2
tx_0002974,2
tx_0002975,2
tx_0002976,2
tx_0002977,2
tx_0002978,2
tx_0002979,2
tx_0002980,2
tx_0002981,2
tx_0002982,3
tx_0002983,2
tx_0002984,3
tx_0002985,3
tx_0002986,1
tx_0002987,2
tx_0002988,2
tx_0002989,2
tx_0002990,3
tx_0002991,2
tx_0002992,2
tx_0002993,3
tx_0002994,2
tx_0002995,2
tx_0002996,2
tx_0002997,2
tx_0002998,2
tx_0002999,3
