txId1,txId2
tx_0001070,tx_0000320
tx_0002914,tx_0000917
tx_0000222,tx_0000698
tx_0001042,tx_0000182
tx_0002341,tx_0000077
tx_0000642,tx_0000471
tx_0001364,tx_0002190
tx_0002681,tx_0000407
tx_0002850,tx_0001283
tx_0001951,tx_0001133
tx_0002516,tx_0001270
tx_0001633,tx_0001932
tx_0001632,tx_0001341
tx_0002367,tx_0002347
tx_0000237,tx_0001631
tx_0001952,tx_0001981
tx_0002455,tx_0000982
tx_0001781,tx_0001272
tx_0001663,tx_0002857
tx_0002642,tx_0001036
tx_0002527,tx_0002857
tx_0000762,tx_0001519
tx_0002924,tx_0001097
tx_0001182,tx_0000652
tx_0002729,tx_0001689
tx_0000461,tx_0001136
tx_0002844,tx_0000662
tx_0001903,tx_0001253
tx_0000956,tx_0000478
tx_0001904,tx_0001255
tx_0000092,tx_0000371
tx_0000668,tx_0002845
tx_0001586,tx_0000344
tx_0000664,tx_0001769
tx_0000783,tx_0000266
tx_0000947,tx_0002141
tx_0001223,tx_0001275
tx_0001586,tx_0002383
tx_0002351,tx_0002599
tx_0000842,tx_0002795
tx_0002983,tx_0002743
tx_0001833,tx_0002212
tx_0000933,tx_0002478
tx_0000297,tx_0001603
tx_0001267,tx_0000690
tx_0001653,tx_0002343
tx_0001289,tx_0001261
tx_0002664,tx_0002795
tx_0001826,tx_0000794
tx_0002891,tx_0000570
tx_0002110,tx_0002224
tx_0002821,tx_0001884
tx_0000457,tx_0000826
tx_0000189,tx_0002233
tx_0001209,tx_0002370
tx_0002865,tx_0000576
tx_0000511,tx_0000525
tx_0001724,tx_0002973
tx_0001487,tx_0002359
tx_0002504,tx_0000939
tx_0000042,tx_0000546
tx_0001801,tx_0002033
tx_0000030,tx_0001716
tx_0002150,tx_0001470
tx_0000663,tx_0001657
tx_0002990,tx_0000227
tx_0001696,tx_0000963
tx_0002255,tx_0001027
tx_0000975,tx_0001509
tx_0001230,tx_0001530
tx_0000369,tx_0002205
tx_0000451,tx_0001961
tx_0000505,tx_0002210
tx_0000276,tx_0002594
tx_0000884,tx_0000029
tx_0002461,tx_0000077
tx_0000130,tx_0000833
tx_0000244,tx_0002188
tx_0001743,tx_0001083
tx_0002864,tx_0001003
tx_0002347,tx_0000006
tx_0002137,tx_0000888
tx_0002007,tx_0002555
tx_0000769,tx_0002689
tx_0000083,tx_0002883
tx_0002332,tx_0001406
tx_0001098,tx_0001214
tx_0001751,tx_0001367
tx_0002674,tx_0002531
tx_0000108,tx_0000039
tx_0002223,tx_0002935
tx_0002921,tx_0001011
tx_0000073,tx_0000085
tx_0001613,tx_0000532
tx_0000193,tx_0002772
tx_0000769,tx_0001053
tx_0002232,tx_0001080
tx_0002242,tx_0000275
tx_0002610,tx_0000929
tx_0000251,tx_0002442
tx_0001263,tx_0001118
tx_0002902,tx_0002629
tx_0002533,tx_0001757
tx_0000517,tx_0000686
tx_0002136,tx_0001491
tx_0002737,tx_0002052
tx_0002008,tx_0001626
tx_0000943,tx_0002515
tx_0001281,tx_0001857
tx_0001262,tx_0002054
tx_0002643,tx_0002458
tx_0000912,tx_0000721
tx_0002101,tx_0001774
tx_0000120,tx_0001977
tx_0001287,tx_0000023
tx_0002753,tx_0002382
tx_0002151,tx_0001790
tx_0000034,tx_0002707
tx_0002765,tx_0000115
tx_0002298,tx_0002724
tx_0000783,tx_0001765
tx_0001332,tx_0001599
tx_0002627,tx_0001992
tx_0001940,tx_0002273
tx_0002879,tx_0002235
tx_0000924,tx_0000951
tx_0002306,tx_0001459
tx_0002150,tx_0001090
tx_0001181,tx_0001674
tx_0000955,tx_0000965
tx_0000744,tx_0002727
tx_0002615,tx_0002513
tx_0001987,tx_0002171
tx_0001134,tx_0001145
tx_0001047,tx_0001049
tx_0000926,tx_0002469
tx_0000545,tx_0002185
tx_0001654,tx_0002314
tx_0002357,tx_0002825
tx_0002545,tx_0002276
tx_0002463,tx_0002187
tx_0000738,tx_0000556
tx_0001781,tx_0002560
tx_0002296,tx_0000509
tx_0001106,tx_0002278
tx_0001244,tx_0001545
tx_0000389,tx_0000862
tx_0001392,tx_0001743
tx_0001724,tx_0002552
tx_0000044,tx_0001233
tx_0000628,tx_0000735
tx_0001957,tx_0001509
tx_0000122,tx_0001306
tx_0001183,tx_0001857
tx_0000361,tx_0002668
tx_0001957,tx_0002030
tx_0002239,tx_0001656
tx_0002578,tx_0000233
tx_0002531,tx_0001853
tx_0002635,tx_0000905
tx_0001813,tx_0000634
tx_0002790,tx_0000602
tx_0000129,tx_0000568
tx_0002075,tx_0002977
tx_0001715,tx_0002440
tx_0002625,tx_0001441
tx_0002359,tx_0001342
tx_0002224,tx_0000213
tx_0002880,tx_0000325
tx_0002237,tx_0002085
tx_0000848,tx_0002304
tx_0002658,tx_0001635
tx_0001373,tx_0001843
tx_0000111,tx_0000574
tx_0001605,tx_0001676
tx_0000887,tx_0000278
tx_0000235,tx_0000817
tx_0002606,tx_0002909
tx_0002561,tx_0002921
tx_0000960,tx_0002809
tx_0001787,tx_0001485
tx_0002333,tx_0000523
tx_0002066,tx_0000917
tx_0001034,tx_0000049
tx_0002136,tx_0000136
tx_0000868,tx_0001964
tx_0001219,tx_0001064
tx_0000827,tx_0002375
tx_0000316,tx_0000720
tx_0002842,tx_0001342
tx_0002600,tx_0000175
tx_0001503,tx_0001345
tx_0001259,tx_0002915
tx_0000517,tx_0001677
tx_0001312,tx_0000795
tx_0002376,tx_0001313
tx_0001805,tx_0000423
tx_0002196,tx_0000429
tx_0001960,tx_0000470
tx_0002345,tx_0000193
tx_0002028,tx_0000890
tx_0000103,tx_0001969
tx_0002816,tx_0002886
tx_0002148,tx_0001861
tx_0001110,tx_0002101
tx_0002971,tx_0002114
tx_0001270,tx_0001588
tx_0002156,tx_0001515
tx_0002100,tx_0001364
tx_0001125,tx_0002119
tx_0000981,tx_0000349
tx_0000063,tx_0002245
tx_0002907,tx_0002771
tx_0002908,tx_0002526
tx_0000108,tx_0001471
tx_0001302,tx_0000360
tx_0002098,tx_0001454
tx_0002882,tx_0000499
tx_0001217,tx_0000804
tx_0001424,tx_0001415
tx_0000443,tx_0002074
tx_0002337,tx_0000760
tx_0001923,tx_0000236
tx_0001718,tx_0000082
tx_0001126,tx_0000539
tx_0002791,tx_0002821
tx_0002847,tx_0001952
tx_0000234,tx_0002523
tx_0000206,tx_0000526
tx_0000464,tx_0000929
tx_0001368,tx_0000181
tx_0000382,tx_0001430
tx_0001665,tx_0001866
tx_0001485,tx_0001853
tx_0001798,tx_0002334
tx_0000583,tx_0000571
tx_0001861,tx_0000812
tx_0001100,tx_0001427
tx_0002408,tx_0002594
tx_0001288,tx_0000005
tx_0000589,tx_0002571
tx_0000205,tx_0000479
tx_0001444,tx_0002170
tx_0001226,tx_0000964
tx_0000334,tx_0000841
tx_0000345,tx_0001965
tx_0001307,tx_0000885
tx_0001915,tx_0001747
tx_0001108,tx_0001890
tx_0001180,tx_0001431
tx_0001665,tx_0000977
tx_0000799,tx_0001474
tx_0002076,tx_0000099
tx_0000291,tx_0002279
tx_0001771,tx_0001114
tx_0000617,tx_0001621
tx_0001461,tx_0002316
tx_0001851,tx_0001664
tx_0001532,tx_0001604
tx_0002386,tx_0002897
tx_0000985,tx_0002651
tx_0002353,tx_0001799
tx_0000475,tx_0000821
tx_0000614,tx_0000055
tx_0001800,tx_0001959
tx_0001200,tx_0002317
tx_0000483,tx_0002344
tx_0001933,tx_0000759
tx_0000183,tx_0001118
tx_0002465,tx_0000521
tx_0001347,tx_0002686
tx_0000706,tx_0002595
tx_0000376,tx_0001824
tx_0002902,tx_0002134
tx_0001930,tx_0001575
tx_0000507,tx_0002127
tx_0001247,tx_0000536
tx_0000175,tx_0000683
tx_0002755,tx_0001951
tx_0000956,tx_0001779
tx_0000286,tx_0002887
tx_0001228,tx_0002238
tx_0002439,tx_0002843
tx_0002451,tx_0001013
tx_0000992,tx_0001948
tx_0002454,tx_0000303
tx_0002194,tx_0001787
tx_0000344,tx_0001839
tx_0002199,tx_0000380
tx_0000225,tx_0001559
tx_0001932,tx_0000868
tx_0002350,tx_0002668
tx_0001255,tx_0001407
tx_0002892,tx_0000862
tx_0000502,tx_0000064
tx_0001686,tx_0001452
tx_0001662,tx_0002495
tx_0000732,tx_0000321
tx_0001516,tx_0000663
tx_0001344,tx_0001974
tx_0002480,tx_0002576
tx_0001810,tx_0001293
tx_0000301,tx_0002986
tx_0000683,tx_0001011
tx_0002966,tx_0000102
tx_0002236,tx_0000273
tx_0000940,tx_0002066
tx_0000094,tx_0001684
tx_0002555,tx_0000155
tx_0000670,tx_0002341
tx_0002041,tx_0002553
tx_0000110,tx_0002751
tx_0000326,tx_0001637
tx_0002408,tx_0002995
tx_0000262,tx_0001490
tx_0000194,tx_0000004
tx_0000329,tx_0000273
tx_0000514,tx_0001260
tx_0001767,tx_0002052
tx_0001552,tx_0001071
tx_0001789,tx_0001958
tx_0002620,tx_0000296
tx_0002359,tx_0001550
tx_0001074,tx_0002676
tx_0000270,tx_0000808
tx_0002296,tx_0002750
tx_0000036,tx_0001706
tx_0001512,tx_0001572
tx_0001777,tx_0002559
tx_0002869,tx_0002822
tx_0002290,tx_0001242
tx_0001823,tx_0002374
tx_0002360,tx_0001925
tx_0001354,tx_0000845
tx_0001393,tx_0000612
tx_0002050,tx_0001310
tx_0001827,tx_0002937
tx_0002703,tx_0000429
tx_0002326,tx_0000632
tx_0001416,tx_0002641
tx_0000247,tx_0002738
tx_0002010,tx_0002422
tx_0001292,tx_0002783
tx_0000246,tx_0000950
tx_0000886,tx_0002195
tx_0001410,tx_0001797
tx_0002068,tx_0000498
tx_0002409,tx_0000119
tx_0002572,tx_0002168
tx_0000934,tx_0001013
tx_0001912,tx_0002121
tx_0001933,tx_0001680
tx_0000123,tx_0001554
tx_0002164,tx_0000097
tx_0001396,tx_0000876
tx_0002543,tx_0000421
tx_0002032,tx_0001127
tx_0001026,tx_0002506
tx_0001321,tx_0002361
tx_0000996,tx_0000341
tx_0002604,tx_0001452
tx_0002513,tx_0002334
tx_0002275,tx_0000774
tx_0000571,tx_0001398
tx_0000099,tx_0002648
tx_0000467,tx_0002419
tx_0000827,tx_0001990
tx_0002224,tx_0002847
tx_0000965,tx_0000228
tx_0000308,tx_0002591
tx_0001905,tx_0002167
tx_0002163,tx_0001091
tx_0001374,tx_0000808
tx_0002386,tx_0001345
tx_0001495,tx_0000094
tx_0002668,tx_0001453
tx_0002137,tx_0000935
tx_0001658,tx_0000122
tx_0002062,tx_0002821
tx_0002100,tx_0002342
tx_0002353,tx_0001873
tx_0000118,tx_0001239
tx_0002737,tx_0002450
tx_0002468,tx_0001167
tx_0002795,tx_0002027
tx_0002800,tx_0000236
tx_0000119,tx_0002030
tx_0001358,tx_0002789
tx_0002063,tx_0002251
tx_0000078,tx_0000827
tx_0001488,tx_0002005
tx_0002508,tx_0000731
tx_0002071,tx_0001625
tx_0000707,tx_0002355
tx_0002363,tx_0001047
tx_0000216,tx_0000313
tx_0002410,tx_0000012
tx_0000627,tx_0002177
tx_0001978,tx_0000928
tx_0001622,tx_0002949
tx_0001385,tx_0000131
tx_0002334,tx_0002801
tx_0001008,tx_0000959
tx_0002199,tx_0001492
tx_0001069,tx_0002253
tx_0001356,tx_0002978
tx_0001375,tx_0000615
tx_0001907,tx_0002366
tx_0002104,tx_0000441
tx_0001748,tx_0000328
tx_0000026,tx_0001955
tx_0000633,tx_0002639
tx_0001040,tx_0000924
tx_0000820,tx_0001112
tx_0001794,tx_0002823
tx_0000302,tx_0002862
tx_0001939,tx_0000015
tx_0002015,tx_0001492
tx_0001114,tx_0002458
tx_0001686,tx_0001712
tx_0002750,tx_0001031
tx_0000681,tx_0001036
tx_0001775,tx_0002166
tx_0001795,tx_0002417
tx_0001377,tx_0002858
tx_0000460,tx_0002178
tx_0001261,tx_0000906
tx_0000660,tx_0002624
tx_0000637,tx_0002961
tx_0001378,tx_0000279
tx_0001647,tx_0002089
tx_0000752,tx_0001600
tx_0002739,tx_0001773
tx_0002879,tx_0001357
tx_0000191,tx_0001268
tx_0000136,tx_0001143
tx_0002989,tx_0001761
tx_0000612,tx_0001252
tx_0002447,tx_0000857
tx_0001101,tx_0001753
tx_0001264,tx_0001681
tx_0002473,tx_0000178
tx_0000162,tx_0001382
tx_0002515,tx_0000236
tx_0001186,tx_0000490
tx_0000003,tx_0001761
tx_0002976,tx_0002482
tx_0000818,tx_0002571
tx_0002106,tx_0001561
tx_0000774,tx_0002070
tx_0001887,tx_0000609
tx_0000214,tx_0000549
tx_0002794,tx_0001192
tx_0000178,tx_0000051
tx_0001720,tx_0000776
tx_0000541,tx_0000505
tx_0000468,tx_0002202
tx_0002008,tx_0000665
tx_0002513,tx_0001728
tx_0000065,tx_0001488
tx_0001140,tx_0000231
tx_0002834,tx_0002370
tx_0002600,tx_0000039
tx_0001620,tx_0002917
tx_0002384,tx_0001781
tx_0000581,tx_0000027
tx_0000363,tx_0001731
tx_0002034,tx_0002676
tx_0002044,tx_0001919
tx_0001456,tx_0000242
tx_0002591,tx_0001946
tx_0001331,tx_0002865
tx_0001107,tx_0001711
tx_0002050,tx_0001402
tx_0002741,tx_0000895
tx_0001039,tx_0002854
tx_0001672,tx_0000832
tx_0000037,tx_0001227
tx_0001094,tx_0002610
tx_0001737,tx_0001576
tx_0002806,tx_0002331
tx_0002842,tx_0000018
tx_0002877,tx_0002223
tx_0002150,tx_0000493
tx_0001919,tx_0002695
tx_0000019,tx_0001960
tx_0002460,tx_0000883
tx_0001762,tx_0001211
tx_0000939,tx_0000035
tx_0000124,tx_0000475
tx_0001789,tx_0000971
tx_0002651,tx_0002280
tx_0001433,tx_0001224
tx_0000546,tx_0002282
tx_0001891,tx_0002130
tx_0002267,tx_0002671
tx_0002147,tx_0001330
tx_0001965,tx_0000875
tx_0002033,tx_0001917
tx_0000893,tx_0000729
tx_0000998,tx_0001267
tx_0001266,tx_0001010
tx_0002385,tx_0000369
tx_0000132,tx_0000030
tx_0001012,tx_0001152
tx_0002220,tx_0001545
tx_0001680,tx_0001055
tx_0001990,tx_0000519
tx_0000788,tx_0000421
tx_0001953,tx_0000121
tx_0000310,tx_0000915
tx_0002631,tx_0001530
tx_0001210,tx_0002377
tx_0001817,tx_0000974
tx_0000264,tx_0002042
tx_0002169,tx_0002168
tx_0002544,tx_0000969
tx_0000670,tx_0001175
tx_0002055,tx_0000010
tx_0001192,tx_0002653
tx_0002513,tx_0001357
tx_0001423,tx_0001971
tx_0002417,tx_0002602
tx_0001569,tx_0002314
tx_0000627,tx_0001216
tx_0000780,tx_0001115
tx_0002362,tx_0000607
tx_0002925,tx_0002944
tx_0000476,tx_0001235
tx_0002117,tx_0000107
tx_0000502,tx_0002213
tx_0001898,tx_0001808
tx_0000272,tx_0001757
tx_0002954,tx_0001084
tx_0001151,tx_0001536
tx_0000088,tx_0000074
tx_0002237,tx_0000540
tx_0002702,tx_0001569
tx_0002057,tx_0002414
tx_0000519,tx_0002104
tx_0002022,tx_0001992
tx_0001149,tx_0000722
tx_0001346,tx_0001891
tx_0002963,tx_0002596
tx_0002593,tx_0001346
tx_0001120,tx_0000159
tx_0002713,tx_0002896
tx_0000348,tx_0002422
tx_0001479,tx_0001813
tx_0002089,tx_0002538
tx_0001898,tx_0001364
tx_0001734,tx_0002613
tx_0000323,tx_0002111
tx_0002069,tx_0000937
tx_0000724,tx_0002461
tx_0000251,tx_0000842
tx_0002602,tx_0002586
tx_0002780,tx_0001099
tx_0000590,tx_0002701
tx_0000042,tx_0002382
tx_0000121,tx_0001626
tx_0000094,tx_0000004
tx_0000297,tx_0000921
tx_0001010,tx_0000126
tx_0001281,tx_0002218
tx_0002078,tx_0002974
tx_0000467,tx_0002583
tx_0002823,tx_0001242
tx_0002673,tx_0002208
tx_0002098,tx_0000241
tx_0002677,tx_0001446
tx_0000668,tx_0002796
tx_0000389,tx_0002791
tx_0002514,tx_0000099
tx_0000529,tx_0002977
tx_0000492,tx_0000604
tx_0002816,tx_0000219
tx_0000465,tx_0000446
tx_0001717,tx_0001760
tx_0001036,tx_0001460
tx_0000914,tx_0002577
tx_0000403,tx_0000439
tx_0001150,tx_0001862
tx_0001858,tx_0000381
tx_0001901,tx_0002547
tx_0001313,tx_0002904
tx_0002204,tx_0000808
tx_0000782,tx_0000309
tx_0002684,tx_0002409
tx_0002882,tx_0002836
tx_0000850,tx_0000312
tx_0000195,tx_0002369
tx_0000732,tx_0002941
tx_0001872,tx_0001740
tx_0000287,tx_0002613
tx_0001434,tx_0002116
tx_0000252,tx_0000040
tx_0002849,tx_0000874
tx_0002394,tx_0002579
tx_0002607,tx_0002245
tx_0001490,tx_0001738
tx_0002156,tx_0001702
tx_0001562,tx_0001030
tx_0001441,tx_0002259
tx_0000592,tx_0000139
tx_0002247,tx_0002392
tx_0002217,tx_0002826
tx_0000051,tx_0000917
tx_0001250,tx_0002514
tx_0000288,tx_0002819
tx_0002880,tx_0001654
tx_0002748,tx_0000464
tx_0002540,tx_0000622
tx_0002660,tx_0000445
tx_0001910,tx_0002561
tx_0002935,tx_0002731
tx_0002811,tx_0000668
tx_0001243,tx_0000730
tx_0002218,tx_0000502
tx_0002099,tx_0000891
tx_0001208,tx_0000445
tx_0002507,tx_0001094
tx_0001951,tx_0002599
tx_0001912,tx_0001164
tx_0000726,tx_0002574
tx_0002186,tx_0002287
tx_0001595,tx_0001448
tx_0002430,tx_0000327
tx_0000793,tx_0001774
tx_0002302,tx_0000583
tx_0000654,tx_0001031
tx_0001909,tx_0002858
tx_0002706,tx_0002368
tx_0000842,tx_0001813
tx_0001264,tx_0002222
tx_0000050,tx_0000002
tx_0001390,tx_0002088
tx_0000818,tx_0001614
tx_0000250,tx_0002092
tx_0002609,tx_0000838
tx_0001777,tx_0000705
tx_0001827,tx_0002123
tx_0002798,tx_0002578
tx_0001569,tx_0002827
tx_0001251,tx_0001356
tx_0000338,tx_0000672
tx_0000853,tx_0002038
tx_0001578,tx_0000082
tx_0000445,tx_0000856
tx_0002909,tx_0000477
tx_0001789,tx_0001408
tx_0002532,tx_0000189
tx_0002508,tx_0000664
tx_0000118,tx_0000811
tx_0000409,tx_0002778
tx_0000630,tx_0001260
tx_0002434,tx_0001634
tx_0001124,tx_0002952
tx_0001963,tx_0000267
tx_0001102,tx_0002257
tx_0000623,tx_0002697
tx_0000815,tx_0002258
tx_0002354,tx_0002246
tx_0001046,tx_0000979
tx_0001806,tx_0001262
tx_0001413,tx_0000223
tx_0001563,tx_0000829
tx_0000779,tx_0000011
tx_0000687,tx_0001778
tx_0001753,tx_0001677
tx_0001767,tx_0002579
tx_0001492,tx_0002965
tx_0002145,tx_0001775
tx_0000469,tx_0002933
tx_0001521,tx_0000022
tx_0001171,tx_0000414
tx_0000137,tx_0000929
tx_0002694,tx_0002387
tx_0002618,tx_0001900
tx_0001923,tx_0002442
tx_0000551,tx_0001339
tx_0002223,tx_0002183
tx_0001784,tx_0001636
tx_0000158,tx_0000326
tx_0002137,tx_0001057
tx_0000732,tx_0002499
tx_0000900,tx_0000138
tx_0002272,tx_0001833
tx_0001110,tx_0002880
tx_0001594,tx_0001547
tx_0001805,tx_0001520
tx_0000222,tx_0002328
tx_0002201,tx_0000632
tx_0002346,tx_0001097
tx_0001950,tx_0000580
tx_0000138,tx_0001429
tx_0002666,tx_0002866
tx_0001975,tx_0001478
tx_0001987,tx_0000761
tx_0001468,tx_0002952
tx_0002962,tx_0001834
tx_0002610,tx_0001120
tx_0001700,tx_0002310
tx_0001886,tx_0000743
tx_0000980,tx_0001727
tx_0001570,tx_0000263
tx_0002887,tx_0002849
tx_0000653,tx_0002015
tx_0002953,tx_0001577
tx_0000077,tx_0002485
tx_0002707,tx_0000301
tx_0000415,tx_0002399
tx_0001999,tx_0000725
tx_0002685,tx_0001729
tx_0001096,tx_0001293
tx_0001155,tx_0002303
tx_0001084,tx_0001856
tx_0002586,tx_0000048
tx_0000754,tx_0001202
tx_0000304,tx_0000624
tx_0001953,tx_0001442
tx_0001065,tx_0002169
tx_0000670,tx_0000744
tx_0002234,tx_0000770
tx_0002631,tx_0001573
tx_0001995,tx_0001437
tx_0002171,tx_0002848
tx_0000946,tx_0002032
tx_0001451,tx_0002648
tx_0002633,tx_0000439
tx_0001261,tx_0002144
tx_0000614,tx_0000954
tx_0001243,tx_0000215
tx_0000329,tx_0001825
tx_0002617,tx_0001439
tx_0001126,tx_0000174
tx_0000866,tx_0002839
tx_0001113,tx_0001480
tx_0000673,tx_0001664
tx_0001987,tx_0001885
tx_0001538,tx_0002263
tx_0001874,tx_0000133
tx_0001697,tx_0000750
tx_0000098,tx_0000071
tx_0002021,tx_0000005
tx_0002141,tx_0001890
tx_0002566,tx_0001559
tx_0000648,tx_0000393
tx_0001361,tx_0000269
tx_0002016,tx_0001124
tx_0002414,tx_0001854
tx_0001738,tx_0002707
tx_0000488,tx_0002501
tx_0002300,tx_0001587
tx_0000500,tx_0001023
tx_0000490,tx_0001155
tx_0002743,tx_0002434
tx_0002151,tx_0000810
tx_0001412,tx_0001272
tx_0000103,tx_0002362
tx_0002758,tx_0001410
tx_0001135,tx_0002304
tx_0001587,tx_0000462
tx_0001252,tx_0000129
tx_0002251,tx_0002922
tx_0001003,tx_0000753
tx_0001191,tx_0001755
tx_0002880,tx_0002521
tx_0001002,tx_0002998
tx_0002561,tx_0001719
tx_0002130,tx_0002809
tx_0000306,tx_0000584
tx_0002812,tx_0002696
tx_0001003,tx_0002910
tx_0001543,tx_0000126
tx_0001630,tx_0001032
tx_0000916,tx_0001262
tx_0002940,tx_0001045
tx_0000046,tx_0002016
tx_0001407,tx_0000091
tx_0000925,tx_0001311
tx_0002457,tx_0002504
tx_0002310,tx_0001848
tx_0001626,tx_0001198
tx_0001328,tx_0002223
tx_0002070,tx_0000826
tx_0002854,tx_0002834
tx_0002108,tx_0000741
tx_0000125,tx_0000346
tx_0000565,tx_0001144
tx_0000957,tx_0000383
tx_0001806,tx_0002118
tx_0000549,tx_0001005
tx_0002418,tx_0000397
tx_0000557,tx_0001822
tx_0001272,tx_0002865
tx_0001041,tx_0002601
tx_0002619,tx_0002135
tx_0000449,tx_0001588
tx_0000783,tx_0001594
tx_0002312,tx_0002097
tx_0000815,tx_0000390
tx_0000065,tx_0000337
tx_0001724,tx_0000567
tx_0002929,tx_0001526
tx_0002511,tx_0000362
tx_0001285,tx_0001261
tx_0002047,tx_0001338
tx_0002387,tx_0001839
tx_0002795,tx_0001698
tx_0000144,tx_0001452
tx_0000523,tx_0000894
tx_0001641,tx_0000415
tx_0002920,tx_0001189
tx_0000668,tx_0001106
tx_0001913,tx_0001505
tx_0000320,tx_0000717
tx_0001666,tx_0001892
tx_0000472,tx_0001374
tx_0000765,tx_0000471
tx_0000557,tx_0001712
tx_0001168,tx_0002841
tx_0000655,tx_0001217
tx_0000747,tx_0000881
tx_0002135,tx_0001275
tx_0002588,tx_0000609
tx_0002908,tx_0002870
tx_0002825,tx_0002488
tx_0000108,tx_0001673
tx_0002480,tx_0001724
tx_0001461,tx_0001333
tx_0001728,tx_0001487
tx_0000052,tx_0002744
tx_0000793,tx_0002241
tx_0000215,tx_0000035
tx_0000618,tx_0001327
tx_0000750,tx_0000456
tx_0000245,tx_0000762
tx_0000946,tx_0002068
tx_0001108,tx_0000048
tx_0002337,tx_0000355
tx_0002374,tx_0000427
tx_0002856,tx_0002247
tx_0002574,tx_0000773
tx_0001530,tx_0002780
tx_0002708,tx_0001617
tx_0002403,tx_0002132
tx_0001782,tx_0002603
tx_0000178,tx_0002581
tx_0000978,tx_0000150
tx_0002883,tx_0001645
tx_0002521,tx_0000953
tx_0001751,tx_0002911
tx_0001975,tx_0002440
tx_0002444,tx_0002334
tx_0001196,tx_0000784
tx_0001012,tx_0002423
tx_0002502,tx_0002831
tx_0002528,tx_0002458
tx_0001988,tx_0000462
tx_0002291,tx_0002997
tx_0001194,tx_0000966
tx_0001995,tx_0002672
tx_0002020,tx_0001256
tx_0001613,tx_0000859
tx_0000384,tx_0001621
tx_0000548,tx_0001751
tx_0002475,tx_0000968
tx_0002226,tx_0001608
tx_0002957,tx_0000208
tx_0001682,tx_0000690
tx_0002329,tx_0000954
tx_0001964,tx_0000567
tx_0002261,tx_0001699
tx_0001643,tx_0002109
tx_0001119,tx_0002714
tx_0000092,tx_0000211
tx_0000870,tx_0002507
tx_0000259,tx_0000351
tx_0002822,tx_0002339
tx_0002994,tx_0001695
tx_0002882,tx_0002934
tx_0002118,tx_0002806
tx_0001609,tx_0000398
tx_0001527,tx_0002008
tx_0000421,tx_0002188
tx_0001319,tx_0002626
tx_0000491,tx_0001479
tx_0001898,tx_0001449
tx_0000111,tx_0002797
tx_0002152,tx_0000227
tx_0000667,tx_0002826
tx_0001430,tx_0000831
tx_0000233,tx_0001472
tx_0000213,tx_0001231
tx_0001697,tx_0002591
tx_0001104,tx_0002454
tx_0000591,tx_0001610
tx_0000735,tx_0002571
tx_0001499,tx_0002497
tx_0002192,tx_0000670
tx_0001669,tx_0002934
tx_0001062,tx_0002862
tx_0002600,tx_0001504
tx_0001291,tx_0002457
tx_0000309,tx_0002273
tx_0000857,tx_0001748
tx_0002839,tx_0001874
tx_0001004,tx_0002420
tx_0000618,tx_0002005
tx_0000687,tx_0001716
tx_0002131,tx_0001996
tx_0001901,tx_0002849
tx_0000389,tx_0002320
tx_0001342,tx_0000127
tx_0002233,tx_0000729
tx_0000349,tx_0000878
tx_0001657,tx_0001438
tx_0002230,tx_0002736
tx_0001902,tx_0000751
tx_0000321,tx_0000250
tx_0002721,tx_0002479
tx_0000722,tx_0000294
tx_0002869,tx_0002484
tx_0002720,tx_0001794
tx_0002519,tx_0001116
tx_0001940,tx_0002814
tx_0001830,tx_0001320
tx_0002977,tx_0000255
tx_0001396,tx_0000499
tx_0000186,tx_0000270
tx_0002765,tx_0000159
tx_0002832,tx_0001089
tx_0001299,tx_0001556
tx_0002569,tx_0001101
tx_0000698,tx_0002836
tx_0000068,tx_0001734
tx_0001153,tx_0000935
tx_0000174,tx_0002874
tx_0001991,tx_0001968
tx_0002994,tx_0000778
tx_0000730,tx_0001069
tx_0002488,tx_0002766
tx_0000275,tx_0000330
tx_0000098,tx_0000304
tx_0001566,tx_0000311
tx_0002510,tx_0001296
tx_0001618,tx_0000710
tx_0000410,tx_0002449
tx_0002280,tx_0000015
tx_0002030,tx_0002098
tx_0002362,tx_0002614
tx_0000465,tx_0001136
tx_0000731,tx_0000611
tx_0000206,tx_0001777
tx_0001066,tx_0000217
tx_0001094,tx_0000811
tx_0001796,tx_0001196
tx_0001106,tx_0000091
tx_0000863,tx_0002874
tx_0000666,tx_0001376
tx_0002437,tx_0000590
tx_0000965,tx_0002753
tx_0001640,tx_0000106
tx_0001194,tx_0002942
tx_0002917,tx_0000363
tx_0001883,tx_0002233
tx_0001091,tx_0000621
tx_0002567,tx_0001091
tx_0000257,tx_0002385
tx_0000032,tx_0001959
tx_0002036,tx_0002348
tx_0001045,tx_0002850
tx_0001403,tx_0002116
tx_0000396,tx_0000679
tx_0001411,tx_0002443
tx_0002399,tx_0001493
tx_0000380,tx_0000394
tx_0002340,tx_0001288
tx_0002749,tx_0002939
tx_0001688,tx_0001194
tx_0000332,tx_0000628
tx_0001365,tx_0001217
tx_0001823,tx_0000994
tx_0001270,tx_0001057
tx_0000238,tx_0002795
tx_0001234,tx_0000617
tx_0000661,tx_0002745
tx_0002290,tx_0002042
tx_0000630,tx_0002504
tx_0001842,tx_0001172
tx_0002223,tx_0002680
tx_0002341,tx_0002807
tx_0000451,tx_0001317
tx_0000113,tx_0002650
tx_0001545,tx_0000597
tx_0001655,tx_0002807
tx_0002691,tx_0000911
tx_0001871,tx_0002368
tx_0000954,tx_0000851
tx_0001804,tx_0000388
tx_0000834,tx_0001952
tx_0000260,tx_0002548
tx_0002368,tx_0002096
tx_0002038,tx_0001419
tx_0000819,tx_0001070
tx_0000502,tx_0002467
tx_0001608,tx_0001610
tx_0000038,tx_0000358
tx_0000106,tx_0001037
tx_0000652,tx_0001339
tx_0001717,tx_0002271
tx_0002679,tx_0002329
tx_0000614,tx_0000221
tx_0001049,tx_0000033
tx_0000208,tx_0000630
tx_0002810,tx_0001339
tx_0002026,tx_0001198
tx_0001311,tx_0001870
tx_0000813,tx_0002637
tx_0000501,tx_0001000
tx_0000460,tx_0002808
tx_0002957,tx_0002959
tx_0001793,tx_0002886
tx_0002298,tx_0001789
tx_0001317,tx_0002865
tx_0000922,tx_0002748
tx_0001451,tx_0000425
tx_0000679,tx_0001042
tx_0001529,tx_0000998
tx_0002199,tx_0001928
tx_0002561,tx_0002193
tx_0002993,tx_0002247
tx_0001450,tx_0000084
tx_0001966,tx_0002389
tx_0001366,tx_0000125
tx_0001895,tx_0002496
tx_0001416,tx_0002003
tx_0000084,tx_0001993
tx_0001127,tx_0002262
tx_0001348,tx_0002721
tx_0001453,tx_0000491
tx_0001261,tx_0000982
tx_0000311,tx_0001546
tx_0000514,tx_0001826
tx_0002310,tx_0002982
tx_0000175,tx_0002746
tx_0000031,tx_0002921
tx_0001918,tx_0002082
tx_0000078,tx_0002928
tx_0002021,tx_0002034
tx_0001139,tx_0002697
tx_0000019,tx_0001934
tx_0001948,tx_0002569
tx_0002897,tx_0002458
tx_0000467,tx_0000076
tx_0001179,tx_0000770
tx_0000134,tx_0001832
tx_0002768,tx_0002142
tx_0001055,tx_0002765
tx_0002275,tx_0000126
tx_0000843,tx_0002413
tx_0002505,tx_0000608
tx_0002650,tx_0000118
tx_0000254,tx_0000442
tx_0000775,tx_0000355
tx_0002533,tx_0002088
tx_0000429,tx_0001260
tx_0002681,tx_0001413
tx_0001210,tx_0002312
tx_0000723,tx_0000289
tx_0001748,tx_0002085
tx_0001219,tx_0001259
tx_0000401,tx_0000303
tx_0000292,tx_0001398
tx_0002245,tx_0001262
tx_0002294,tx_0002381
tx_0002789,tx_0000970
tx_0002910,tx_0002563
tx_0002528,tx_0000407
tx_0001515,tx_0001067
tx_0000114,tx_0002338
tx_0002580,tx_0002238
tx_0000081,tx_0002809
tx_0002943,tx_0000958
tx_0002227,tx_0000107
tx_0001360,tx_0000697
tx_0000848,tx_0000629
tx_0000127,tx_0002525
tx_0000053,tx_0001880
tx_0000445,tx_0001386
tx_0001596,tx_0000706
tx_0002010,tx_0001443
tx_0001938,tx_0001069
tx_0002044,tx_0001185
tx_0000577,tx_0001583
tx_0000109,tx_0001957
tx_0001254,tx_0000095
tx_0002810,tx_0002113
tx_0002286,tx_0002631
tx_0001671,tx_0002060
tx_0001842,tx_0002471
tx_0000539,tx_0002941
tx_0001512,tx_0000864
tx_0001338,tx_0000398
tx_0001106,tx_0001251
tx_0002200,tx_0001775
tx_0001989,tx_0000553
tx_0001785,tx_0002565
tx_0001960,tx_0000357
tx_0001450,tx_0000279
tx_0000680,tx_0001625
tx_0000882,tx_0002452
tx_0002225,tx_0002808
tx_0000139,tx_0001330
tx_0001010,tx_0002238
tx_0000550,tx_0001440
tx_0001285,tx_0002984
tx_0002885,tx_0001624
tx_0002259,tx_0001852
tx_0000934,tx_0002406
tx_0000264,tx_0002627
tx_0001237,tx_0002379
tx_0002611,tx_0001722
tx_0001013,tx_0000719
tx_0001276,tx_0000488
tx_0000849,tx_0000908
tx_0002120,tx_0002475
tx_0002265,tx_0000424
tx_0001014,tx_0001732
tx_0002224,tx_0001735
tx_0000534,tx_0002092
tx_0001827,tx_0002418
tx_0001513,tx_0001187
tx_0002177,tx_0002307
tx_0002308,tx_0002291
tx_0001485,tx_0000416
tx_0000908,tx_0000864
tx_0002901,tx_0000047
tx_0002556,tx_0001666
tx_0001918,tx_0001353
tx_0002848,tx_0000589
tx_0000822,tx_0001913
tx_0001357,tx_0000886
tx_0002711,tx_0002388
tx_0000382,tx_0000797
tx_0000333,tx_0001449
tx_0001844,tx_0001998
tx_0000261,tx_0000064
tx_0000551,tx_0001391
tx_0001073,tx_0002595
tx_0002371,tx_0002803
tx_0000128,tx_0000888
tx_0000747,tx_0002513
tx_0002627,tx_0002204
tx_0002294,tx_0001462
tx_0001107,tx_0000592
tx_0002970,tx_0002883
tx_0000912,tx_0001094
tx_0002155,tx_0002570
tx_0000402,tx_0001261
tx_0000449,tx_0000366
tx_0000542,tx_0000992
tx_0000326,tx_0000117
tx_0001515,tx_0000457
tx_0001421,tx_0002505
tx_0000132,tx_0000328
tx_0002759,tx_0001725
tx_0000368,tx_0002659
tx_0001941,tx_0000805
tx_0000268,tx_0001282
tx_0001367,tx_0001397
tx_0000398,tx_0001353
tx_0000448,tx_0001213
tx_0000081,tx_0000109
tx_0000957,tx_0001529
tx_0002991,tx_0002066
tx_0000683,tx_0000896
tx_0000964,tx_0002019
tx_0001147,tx_0001496
tx_0002638,tx_0000297
tx_0000360,tx_0001270
tx_0000074,tx_0002643
tx_0000051,tx_0000742
tx_0001492,tx_0000212
tx_0000251,tx_0000379
tx_0002624,tx_0002388
tx_0000484,tx_0000272
tx_0002806,tx_0001542
tx_0002247,tx_0002359
tx_0001441,tx_0001626
tx_0000886,tx_0000505
tx_0002427,tx_0001181
tx_0000888,tx_0001352
tx_0001267,tx_0000646
tx_0001642,tx_0002252
tx_0002975,tx_0001825
tx_0002839,tx_0001594
tx_0002718,tx_0000052
tx_0002024,tx_0000310
tx_0000251,tx_0002481
tx_0002313,tx_0000387
tx_0002046,tx_0000311
tx_0002268,tx_0002544
tx_0002487,tx_0001947
tx_0000130,tx_0000865
tx_0002492,tx_0002249
tx_0001772,tx_0001540
tx_0001892,tx_0000631
tx_0000152,tx_0001082
tx_0002151,tx_0000936
tx_0001808,tx_0002856
tx_0001724,tx_0000820
tx_0000323,tx_0001332
tx_0002859,tx_0000755
tx_0000721,tx_0001607
tx_0000015,tx_0002179
tx_0002708,tx_0000685
tx_0001211,tx_0001781
tx_0001736,tx_0001675
tx_0002804,tx_0001534
tx_0000519,tx_0002576
tx_0000840,tx_0000811
tx_0002545,tx_0000589
tx_0002712,tx_0001560
tx_0002741,tx_0000880
tx_0000383,tx_0002941
tx_0000954,tx_0000386
tx_0001805,tx_0000055
tx_0000324,tx_0000724
tx_0000619,tx_0002017
tx_0000465,tx_0002431
tx_0000241,tx_0000122
tx_0000878,tx_0000494
tx_0001645,tx_0000252
tx_0000621,tx_0000077
tx_0002314,tx_0002336
tx_0001913,tx_0002338
tx_0002049,tx_0000608
tx_0002225,tx_0001361
tx_0000195,tx_0001952
tx_0001319,tx_0001551
tx_0000429,tx_0002760
tx_0001021,tx_0000761
tx_0002927,tx_0002715
tx_0001816,tx_0002073
tx_0001324,tx_0000751
tx_0000400,tx_0001925
tx_0000767,tx_0002562
tx_0002806,tx_0001348
tx_0001913,tx_0002152
tx_0001768,tx_0001649
tx_0001536,tx_0000815
tx_0001377,tx_0002380
tx_0001684,tx_0001290
tx_0000789,tx_0002065
tx_0000334,tx_0000059
tx_0001143,tx_0000349
tx_0001506,tx_0002835
tx_0001155,tx_0001656
tx_0002493,tx_0002260
tx_0000006,tx_0002806
tx_0001621,tx_0002499
tx_0001519,tx_0000004
tx_0002732,tx_0001142
tx_0002616,tx_0000012
tx_0002921,tx_0002421
tx_0002693,tx_0002310
tx_0000532,tx_0000920
tx_0001397,tx_0000303
tx_0000048,tx_0001725
tx_0000409,tx_0001112
tx_0002363,tx_0001326
tx_0000371,tx_0001853
tx_0001450,tx_0002428
tx_0002151,tx_0000384
tx_0001157,tx_0002393
tx_0002969,tx_0000906
tx_0000592,tx_0002245
tx_0000491,tx_0002893
tx_0000007,tx_0000181
tx_0002822,tx_0000722
tx_0002212,tx_0002913
tx_0002374,tx_0000380
tx_0002153,tx_0001362
tx_0001296,tx_0000394
tx_0001079,tx_0000046
tx_0001737,tx_0000951
tx_0001968,tx_0000226
tx_0002244,tx_0000379
tx_0002943,tx_0002056
tx_0002932,tx_0001414
tx_0002714,tx_0002584
tx_0001607,tx_0001891
tx_0002199,tx_0001456
tx_0001693,tx_0002946
tx_0000975,tx_0001443
tx_0002441,tx_0001640
tx_0000540,tx_0001025
tx_0002293,tx_0002514
tx_0001766,tx_0001149
tx_0002780,tx_0001777
tx_0002862,tx_0002457
tx_0001184,tx_0002567
tx_0000745,tx_0001370
tx_0002625,tx_0002743
tx_0001343,tx_0001217
tx_0002933,tx_0002025
tx_0000894,tx_0000809
tx_0000035,tx_0000888
tx_0001507,tx_0001550
tx_0000774,tx_0002720
tx_0002712,tx_0001420
tx_0002980,tx_0000818
tx_0000190,tx_0002055
tx_0001472,tx_0002945
tx_0000949,tx_0001981
tx_0001401,tx_0000816
tx_0000159,tx_0000539
tx_0001010,tx_0002044
tx_0002659,tx_0001435
tx_0000327,tx_0001935
tx_0002556,tx_0000126
tx_0002644,tx_0001020
tx_0000239,tx_0000362
tx_0000593,tx_0001291
tx_0000681,tx_0002422
tx_0001814,tx_0002076
tx_0002475,tx_0002928
tx_0001365,tx_0002737
tx_0000259,tx_0001533
tx_0002534,tx_0002682
tx_0002825,tx_0001109
tx_0000927,tx_0002770
tx_0002044,tx_0001856
tx_0000127,tx_0001895
tx_0001974,tx_0001856
tx_0002033,tx_0002377
tx_0001065,tx_0000489
tx_0000167,tx_0001062
tx_0000080,tx_0001247
tx_0000352,tx_0002048
tx_0002036,tx_0001290
tx_0002603,tx_0002197
tx_0000736,tx_0000054
tx_0000507,tx_0001136
tx_0002909,tx_0000302
tx_0001161,tx_0000314
tx_0001319,tx_0001119
tx_0002712,tx_0001253
tx_0002248,tx_0000057
tx_0000963,tx_0000811
tx_0001488,tx_0002945
tx_0001436,tx_0000902
tx_0002288,tx_0002726
tx_0000988,tx_0002411
tx_0002053,tx_0002663
tx_0002329,tx_0002815
tx_0002609,tx_0001357
tx_0000881,tx_0001726
tx_0002845,tx_0001287
tx_0002326,tx_0001813
tx_0000318,tx_0000160
tx_0002886,tx_0002957
tx_0001666,tx_0000061
tx_0002435,tx_0002851
tx_0001933,tx_0000050
tx_0002067,tx_0000973
tx_0000167,tx_0000684
tx_0000692,tx_0001141
tx_0002975,tx_0002118
tx_0002715,tx_0000226
tx_0000903,tx_0000895
tx_0002663,tx_0001636
tx_0002873,tx_0001595
tx_0000240,tx_0002828
tx_0001808,tx_0001489
tx_0002354,tx_0001758
tx_0001010,tx_0002858
tx_0002616,tx_0000489
tx_0001670,tx_0000886
tx_0001937,tx_0000046
tx_0002862,tx_0002714
tx_0000013,tx_0002885
tx_0000738,tx_0001221
tx_0002855,tx_0001325
tx_0002830,tx_0000185
tx_0002858,tx_0001712
tx_0002410,tx_0000457
tx_0000122,tx_0002444
tx_0001783,tx_0002663
tx_0000353,tx_0001312
tx_0001874,tx_0000722
tx_0002798,tx_0000877
tx_0002910,tx_0001373
tx_0000982,tx_0000090
tx_0001822,tx_0001869
tx_0001202,tx_0001367
tx_0001175,tx_0001845
tx_0000005,tx_0002038
tx_0002996,tx_0001180
tx_0001393,tx_0000143
tx_0002880,tx_0000038
tx_0002587,tx_0001214
tx_0000529,tx_0000196
tx_0000486,tx_0001997
tx_0002364,tx_0000407
tx_0001331,tx_0001767
tx_0002830,tx_0002504
tx_0001959,tx_0002976
tx_0002912,tx_0000488
tx_0002472,tx_0002235
tx_0002374,tx_0000321
tx_0000106,tx_0002192
tx_0000502,tx_0001749
tx_0002789,tx_0001328
tx_0001280,tx_0000489
tx_0000673,tx_0000979
tx_0000256,tx_0001899
tx_0002464,tx_0002668
tx_0001765,tx_0002651
tx_0002274,tx_0001561
tx_0002252,tx_0001954
tx_0000879,tx_0000683
tx_0001860,tx_0001768
tx_0001876,tx_0001525
tx_0000070,tx_0002091
tx_0000304,tx_0002302
tx_0000727,tx_0001274
tx_0000196,tx_0002876
tx_0000219,tx_0000324
tx_0001660,tx_0000548
tx_0001982,tx_0000352
tx_0002067,tx_0002863
tx_0001094,tx_0000270
tx_0000971,tx_0002850
tx_0000591,tx_0000104
tx_0002623,tx_0000735
tx_0001065,tx_0000196
tx_0002813,tx_0002647
tx_0001724,tx_0002638
tx_0002560,tx_0000650
tx_0002172,tx_0001374
tx_0002862,tx_0002599
tx_0001866,tx_0002800
tx_0001907,tx_0002558
tx_0000868,tx_0002715
tx_0000580,tx_0002969
tx_0001249,tx_0000797
tx_0001170,tx_0001871
tx_0001565,tx_0000855
tx_0002888,tx_0000920
tx_0002771,tx_0000211
tx_0001647,tx_0000479
tx_0002147,tx_0001934
tx_0000121,tx_0002172
tx_0002215,tx_0002373
tx_0002984,tx_0002261
tx_0001577,tx_0000205
tx_0000987,tx_0001993
tx_0001641,tx_0002564
tx_0002120,tx_0002570
tx_0002780,tx_0000487
tx_0000336,tx_0002669
tx_0001970,tx_0000190
tx_0000749,tx_0002109
tx_0001589,tx_0000518
tx_0001938,tx_0002144
tx_0002329,tx_0000806
tx_0002768,tx_0002440
tx_0000449,tx_0000141
tx_0000312,tx_0001575
tx_0001719,tx_0001623
tx_0001056,tx_0000001
tx_0001513,tx_0000663
tx_0002275,tx_0001865
tx_0002983,tx_0001601
tx_0000197,tx_0002695
tx_0000780,tx_0002696
tx_0001759,tx_0002929
tx_0002742,tx_0001809
tx_0000977,tx_0002478
tx_0000373,tx_0001844
tx_0000147,tx_0002197
tx_0002421,tx_0001830
tx_0001853,tx_0000677
tx_0002672,tx_0000043
tx_0001064,tx_0001693
tx_0001985,tx_0002323
tx_0002021,tx_0002528
tx_0001862,tx_0001321
tx_0001845,tx_0002315
tx_0000456,tx_0001148
tx_0001290,tx_0002487
tx_0000081,tx_0002091
tx_0002647,tx_0002167
tx_0000943,tx_0000882
tx_0000634,tx_0002799
tx_0002836,tx_0002221
tx_0002941,tx_0002954
tx_0000084,tx_0001852
tx_0000428,tx_0002332
tx_0001800,tx_0001273
tx_0002862,tx_0000127
tx_0002053,tx_0002836
tx_0002583,tx_0000668
tx_0002154,tx_0001960
tx_0001529,tx_0000172
tx_0001131,tx_0002340
tx_0002680,tx_0000693
tx_0001648,tx_0001415
tx_0001694,tx_0001576
tx_0000900,tx_0000192
tx_0000898,tx_0002824
tx_0002874,tx_0002081
tx_0002968,tx_0002063
tx_0000103,tx_0001217
tx_0000371,tx_0000030
tx_0002112,tx_0000414
tx_0001052,tx_0002808
tx_0002945,tx_0001314
tx_0002262,tx_0001027
tx_0001198,tx_0001349
tx_0000551,tx_0002574
tx_0000755,tx_0001199
tx_0001706,tx_0001958
tx_0000303,tx_0002732
tx_0000215,tx_0002798
tx_0002957,tx_0001445
tx_0000081,tx_0001872
tx_0000664,tx_0000007
tx_0001869,tx_0002435
tx_0000345,tx_0001022
tx_0000221,tx_0002701
tx_0000203,tx_0001820
tx_0002862,tx_0000602
tx_0002517,tx_0002848
tx_0000875,tx_0000764
tx_0002474,tx_0001798
tx_0002214,tx_0000533
tx_0000284,tx_0002447
tx_0000020,tx_0000561
tx_0002315,tx_0002226
tx_0001906,tx_0002229
tx_0000385,tx_0001818
tx_0000637,tx_0002547
tx_0001717,tx_0000428
tx_0001219,tx_0001971
tx_0000514,tx_0002252
tx_0001728,tx_0001600
tx_0001736,tx_0000303
tx_0001620,tx_0000026
tx_0002525,tx_0001204
tx_0000667,tx_0002895
tx_0002764,tx_0000859
tx_0000054,tx_0002686
tx_0000292,tx_0002318
tx_0002648,tx_0001097
tx_0002750,tx_0001460
tx_0000528,tx_0001082
tx_0001580,tx_0002954
tx_0002664,tx_0002164
tx_0002598,tx_0001920
tx_0002550,tx_0002097
tx_0001531,tx_0001181
tx_0000060,tx_0002057
tx_0000134,tx_0002857
tx_0002550,tx_0002605
tx_0000949,tx_0000958
tx_0000244,tx_0000210
tx_0000196,tx_0000280
tx_0001881,tx_0001729
tx_0000957,tx_0000980
tx_0001158,tx_0002765
tx_0001999,tx_0002793
tx_0001574,tx_0002051
tx_0000396,tx_0002833
tx_0000062,tx_0000204
tx_0001506,tx_0000644
tx_0001611,tx_0000709
tx_0000709,tx_0001750
tx_0002619,tx_0002825
tx_0001696,tx_0002945
tx_0002220,tx_0001419
tx_0001147,tx_0000815
tx_0002458,tx_0002450
tx_0001856,tx_0002654
tx_0002594,tx_0001222
tx_0001773,tx_0002763
tx_0001408,tx_0002328
tx_0000051,tx_0000643
tx_0001606,tx_0001856
tx_0001349,tx_0000735
tx_0002767,tx_0000587
tx_0000262,tx_0000207
tx_0002748,tx_0002153
tx_0000757,tx_0000827
tx_0000395,tx_0002522
tx_0002444,tx_0001142
tx_0002934,tx_0000930
tx_0000641,tx_0001673
tx_0001992,tx_0002074
tx_0001843,tx_0000958
tx_0001323,tx_0001925
tx_0000082,tx_0001881
tx_0000116,tx_0001429
tx_0002917,tx_0002811
tx_0002810,tx_0002468
tx_0002227,tx_0001193
tx_0000923,tx_0002227
tx_0002456,tx_0001051
tx_0002523,tx_0002416
tx_0002523,tx_0002545
tx_0001689,tx_0000883
tx_0002785,tx_0001113
tx_0001877,tx_0001883
tx_0002785,tx_0001361
tx_0001550,tx_0000074
tx_0002526,tx_0002061
tx_0000490,tx_0000843
tx_0000240,tx_0000712
tx_0000298,tx_0002158
tx_0002582,tx_0001916
tx_0000583,tx_0000312
tx_0001706,tx_0002049
tx_0002673,tx_0002050
tx_0000468,tx_0001101
tx_0002038,tx_0002839
tx_0000204,tx_0000565
tx_0001860,tx_0002000
tx_0001539,tx_0000568
tx_0000336,tx_0001959
tx_0002901,tx_0001037
tx_0000982,tx_0002350
tx_0001594,tx_0002586
tx_0001250,tx_0000873
tx_0002035,tx_0002095
tx_0001131,tx_0002014
tx_0002068,tx_0001773
tx_0001484,tx_0002805
tx_0002299,tx_0000593
tx_0000955,tx_0001736
tx_0002543,tx_0000970
tx_0002874,tx_0000805
tx_0000515,tx_0000285
tx_0001179,tx_0001955
tx_0002973,tx_0000566
tx_0002153,tx_0002961
tx_0002839,tx_0001989
tx_0000541,tx_0000016
tx_0000465,tx_0001246
tx_0001226,tx_0000605
tx_0001663,tx_0002008
tx_0001386,tx_0002727
tx_0002490,tx_0000873
tx_0002280,tx_0000426
tx_0001435,tx_0001126
tx_0000899,tx_0000303
tx_0002190,tx_0002014
tx_0001831,tx_0002219
tx_0001103,tx_0001205
tx_0001231,tx_0000457
tx_0002727,tx_0001360
tx_0002491,tx_0000208
tx_0002895,tx_0002613
tx_0002367,tx_0002419
tx_0002955,tx_0002135
tx_0001606,tx_0001164
tx_0002716,tx_0002176
tx_0000510,tx_0002379
tx_0000395,tx_0000167
tx_0002992,tx_0000922
tx_0001440,tx_0001004
tx_0001780,tx_0002319
tx_0000106,tx_0000435
tx_0000805,tx_0001714
tx_0001328,tx_0001474
tx_0000516,tx_0001973
tx_0002159,tx_0000030
tx_0001986,tx_0001351
tx_0001931,tx_0002720
tx_0001886,tx_0002411
tx_0000827,tx_0000954
tx_0002196,tx_0000007
tx_0000501,tx_0000825
tx_0001328,tx_0000286
tx_0001361,tx_0001903
tx_0001944,tx_0002545
tx_0000924,tx_0002632
tx_0002380,tx_0002752
tx_0002684,tx_0000205
tx_0000220,tx_0001931
tx_0001843,tx_0002341
tx_0000891,tx_0001162
tx_0001928,tx_0000804
tx_0000759,tx_0002695
tx_0001239,tx_0001564
tx_0000857,tx_0000567
tx_0001664,tx_0001085
tx_0002279,tx_0002650
tx_0000675,tx_0001385
tx_0000121,tx_0000147
tx_0000613,tx_0001069
tx_0001839,tx_0001900
tx_0000244,tx_0001327
tx_0000076,tx_0002633
tx_0002650,tx_0001210
tx_0001216,tx_0000951
tx_0002072,tx_0002764
tx_0001843,tx_0001628
tx_0002453,tx_0000327
tx_0001474,tx_0002521
tx_0002733,tx_0002181
tx_0001172,tx_0002324
tx_0002806,tx_0001780
tx_0001457,tx_0000795
tx_0000847,tx_0001046
tx_0001042,tx_0001171
tx_0001771,tx_0001430
tx_0001060,tx_0002884
tx_0000273,tx_0001376
tx_0002619,tx_0000679
tx_0002364,tx_0002242
tx_0001605,tx_0000667
tx_0002210,tx_0001520
tx_0000313,tx_0001316
tx_0001434,tx_0001945
tx_0000168,tx_0000302
tx_0002974,tx_0001127
tx_0000861,tx_0001079
tx_0002961,tx_0002329
tx_0002423,tx_0001702
tx_0002814,tx_0000328
tx_0000644,tx_0002872
tx_0001162,tx_0001409
tx_0001731,tx_0002187
tx_0002060,tx_0002941
tx_0001154,tx_0000910
tx_0000174,tx_0001605
tx_0000185,tx_0001071
tx_0002298,tx_0000749
tx_0001922,tx_0002710
tx_0000734,tx_0002320
tx_0002548,tx_0002424
tx_0001794,tx_0002329
tx_0000314,tx_0000030
tx_0001481,tx_0002250
tx_0001029,tx_0002653
tx_0001899,tx_0002336
tx_0001795,tx_0000118
tx_0001888,tx_0002224
tx_0001408,tx_0000267
tx_0002774,tx_0000477
tx_0000054,tx_0000951
tx_0002463,tx_0002785
tx_0002165,tx_0001840
tx_0000231,tx_0002377
tx_0002094,tx_0001172
tx_0000183,tx_0002300
tx_0002700,tx_0000104
tx_0002031,tx_0000823
tx_0000670,tx_0000317
tx_0001035,tx_0002199
tx_0002908,tx_0001728
tx_0000451,tx_0001242
tx_0001740,tx_0001505
tx_0000953,tx_0001842
tx_0000439,tx_0000172
tx_0000193,tx_0002111
tx_0002913,tx_0000132
tx_0000851,tx_0001025
tx_0001816,tx_0002878
tx_0000168,tx_0000595
tx_0002346,tx_0000952
tx_0002458,tx_0000447
tx_0002787,tx_0000065
tx_0002374,tx_0000426
tx_0001276,tx_0002972
tx_0000569,tx_0000022
tx_0002987,tx_0002406
tx_0002178,tx_0000876
tx_0002226,tx_0000561
tx_0000520,tx_0002154
tx_0002964,tx_0000112
tx_0002670,tx_0001059
tx_0001394,tx_0000307
tx_0002283,tx_0000019
tx_0002410,tx_0000371
tx_0002449,tx_0000034
tx_0002392,tx_0001948
tx_0002724,tx_0000507
tx_0002405,tx_0000305
tx_0000015,tx_0002051
tx_0000799,tx_0000189
tx_0002589,tx_0002268
tx_0001034,tx_0000128
tx_0002981,tx_0001844
tx_0001774,tx_0000601
tx_0001578,tx_0002320
tx_0002323,tx_0001587
tx_0000335,tx_0000655
tx_0002388,tx_0002204
tx_0001424,tx_0001091
tx_0001640,tx_0000066
tx_0001681,tx_0000767
tx_0001659,tx_0002525
tx_0001914,tx_0002403
tx_0000499,tx_0002564
tx_0002571,tx_0000957
tx_0002648,tx_0001819
tx_0000304,tx_0000255
tx_0002134,tx_0000773
tx_0000145,tx_0002492
tx_0001375,tx_0000611
tx_0001372,tx_0000213
tx_0002587,tx_0001011
tx_0001363,tx_0000192
tx_0002880,tx_0002738
tx_0002715,tx_0000920
tx_0000792,tx_0002065
tx_0000513,tx_0001110
tx_0000766,tx_0002391
tx_0000476,tx_0001816
tx_0002293,tx_0000386
tx_0000350,tx_0000610
tx_0001916,tx_0002920
tx_0001359,tx_0000136
tx_0000876,tx_0002423
tx_0002822,tx_0001397
tx_0001073,tx_0002491
tx_0000162,tx_0000595
tx_0000890,tx_0000331
tx_0000445,tx_0001600
tx_0001509,tx_0000291
tx_0002815,tx_0000101
tx_0000012,tx_0000863
tx_0000644,tx_0001784
tx_0001644,tx_0001248
tx_0000807,tx_0002355
tx_0002425,tx_0002376
tx_0001635,tx_0002927
tx_0000005,tx_0001588
tx_0001342,tx_0000893
tx_0002714,tx_0002119
tx_0001666,tx_0001632
tx_0000656,tx_0002352
tx_0001156,tx_0001465
tx_0000160,tx_0002732
tx_0001683,tx_0002609
tx_0001828,tx_0001173
tx_0002756,tx_0002384
tx_0001390,tx_0001601
tx_0000232,tx_0002837
tx_0000651,tx_0000208
tx_0000826,tx_0001560
tx_0000370,tx_0001595
tx_0000471,tx_0002894
tx_0001338,tx_0002532
tx_0001231,tx_0000678
tx_0002101,tx_0000234
tx_0000686,tx_0000460
tx_0000227,tx_0000564
tx_0001489,tx_0001164
tx_0000955,tx_0002017
tx_0002248,tx_0001797
tx_0001334,tx_0000390
tx_0002210,tx_0000516
tx_0002084,tx_0002676
tx_0000598,tx_0002621
tx_0001928,tx_0001582
tx_0002514,tx_0002801
tx_0000703,tx_0002905
tx_0002547,tx_0000854
tx_0001883,tx_0000471
tx_0000715,tx_0002279
tx_0002636,tx_0000850
tx_0000598,tx_0000434
tx_0000452,tx_0002530
tx_0001090,tx_0002319
tx_0002659,tx_0001169
tx_0000718,tx_0002720
tx_0001372,tx_0000817
tx_0001076,tx_0000364
tx_0000644,tx_0000217
tx_0002919,tx_0001722
tx_0001970,tx_0002031
tx_0001256,tx_0000620
tx_0000973,tx_0002068
tx_0000622,tx_0002957
tx_0000999,tx_0002021
tx_0001968,tx_0002696
tx_0001007,tx_0000904
tx_0001692,tx_0000060
tx_0002382,tx_0000801
tx_0002226,tx_0000899
tx_0002431,tx_0001440
tx_0002584,tx_0001240
tx_0001272,tx_0000765
tx_0002766,tx_0000598
tx_0002815,tx_0001662
tx_0000394,tx_0001531
tx_0001776,tx_0002642
tx_0000271,tx_0001717
tx_0002370,tx_0000089
tx_0000023,tx_0001542
tx_0000934,tx_0002209
tx_0001309,tx_0001829
tx_0001579,tx_0000393
tx_0000753,tx_0001832
tx_0002825,tx_0000374
tx_0002814,tx_0000297
tx_0002136,tx_0002188
tx_0000145,tx_0002340
tx_0002984,tx_0002783
tx_0002458,tx_0001306
tx_0000916,tx_0000989
tx_0001872,tx_0000629
tx_0000364,tx_0001644
tx_0001878,tx_0002494
tx_0001817,tx_0002495
tx_0000994,tx_0001625
tx_0002700,tx_0002203
tx_0000836,tx_0002930
tx_0002085,tx_0002472
tx_0002790,tx_0002028
tx_0002627,tx_0002255
tx_0000319,tx_0002272
tx_0001626,tx_0002612
tx_0000192,tx_0000550
tx_0000866,tx_0000855
tx_0001894,tx_0000633
tx_0001834,tx_0002977
tx_0001735,tx_0000289
tx_0000241,tx_0001415
tx_0000930,tx_0001647
tx_0002117,tx_0002499
tx_0001882,tx_0001320
tx_0001445,tx_0000946
tx_0000972,tx_0000603
tx_0000528,tx_0001641
tx_0002518,tx_0001813
tx_0000704,tx_0000259
tx_0002626,tx_0002300
tx_0000687,tx_0001787
tx_0001993,tx_0001612
tx_0000195,tx_0001720
tx_0002027,tx_0002564
tx_0000073,tx_0000840
tx_0001463,tx_0001669
tx_0002404,tx_0000431
tx_0002971,tx_0001369
tx_0001562,tx_0002669
tx_0001183,tx_0001503
tx_0002858,tx_0001230
tx_0000237,tx_0000650
tx_0001916,tx_0000476
tx_0001535,tx_0000548
tx_0000047,tx_0001560
tx_0002416,tx_0001940
tx_0001552,tx_0001506
tx_0000147,tx_0001122
tx_0002727,tx_0001624
tx_0002798,tx_0001372
tx_0001925,tx_0002283
tx_0002580,tx_0000883
tx_0002033,tx_0002956
tx_0000451,tx_0002441
tx_0002033,tx_0001573
tx_0001376,tx_0001716
tx_0000737,tx_0001635
tx_0001414,tx_0001886
tx_0001547,tx_0002243
tx_0002348,tx_0001300
tx_0000622,tx_0002790
tx_0001641,tx_0002171
tx_0002179,tx_0002957
tx_0002863,tx_0000787
tx_0001290,tx_0002266
tx_0001755,tx_0002317
tx_0000125,tx_0002690
tx_0000723,tx_0000614
tx_0001155,tx_0001246
tx_0001710,tx_0002982
tx_0000285,tx_0001495
tx_0002869,tx_0001568
tx_0000205,tx_0001204
tx_0001988,tx_0001575
tx_0001850,tx_0002818
tx_0001909,tx_0000721
tx_0002686,tx_0002990
tx_0000777,tx_0000746
tx_0001485,tx_0002787
tx_0001284,tx_0000210
tx_0002163,tx_0000118
tx_0000739,tx_0000016
tx_0001950,tx_0000486
tx_0002023,tx_0002346
tx_0002931,tx_0002890
tx_0001682,tx_0000805
tx_0000193,tx_0002137
tx_0001164,tx_0002893
tx_0000881,tx_0000398
tx_0001305,tx_0001946
tx_0002172,tx_0001856
tx_0002021,tx_0001684
tx_0001303,tx_0002729
tx_0000099,tx_0001245
tx_0002853,tx_0002512
tx_0001620,tx_0002855
tx_0000281,tx_0000791
tx_0001207,tx_0002087
tx_0000394,tx_0000943
tx_0000524,tx_0001406
tx_0001905,tx_0002624
tx_0002967,tx_0000020
tx_0000774,tx_0000415
tx_0000110,tx_0002478
tx_0001659,tx_0000945
tx_0000740,tx_0002061
tx_0001369,tx_0002524
tx_0001644,tx_0002816
tx_0002115,tx_0002375
tx_0002339,tx_0000151
tx_0001180,tx_0001409
tx_0000483,tx_0000196
tx_0001881,tx_0002961
tx_0001587,tx_0002025
tx_0000985,tx_0001433
tx_0000191,tx_0002601
tx_0001961,tx_0001354
tx_0000383,tx_0002707
tx_0002792,tx_0000852
tx_0000421,tx_0001404
tx_0000022,tx_0001826
tx_0002139,tx_0001700
tx_0001376,tx_0000194
tx_0000660,tx_0000479
tx_0000244,tx_0002821
tx_0002808,tx_0001991
tx_0000571,tx_0002028
tx_0001670,tx_0002261
tx_0002516,tx_0000757
tx_0002026,tx_0002413
tx_0000662,tx_0002352
tx_0002518,tx_0001673
tx_0000843,tx_0001568
tx_0001248,tx_0000796
tx_0001080,tx_0001762
tx_0001497,tx_0001758
tx_0002330,tx_0002024
tx_0000768,tx_0001661
tx_0002347,tx_0001710
tx_0002888,tx_0002363
tx_0001733,tx_0002059
tx_0001195,tx_0002920
tx_0001196,tx_0001274
tx_0000488,tx_0001191
tx_0001197,tx_0002156
tx_0002957,tx_0001137
tx_0002831,tx_0001573
tx_0001012,tx_0000910
tx_0002839,tx_0000955
tx_0001838,tx_0001814
tx_0002681,tx_0001498
tx_0002910,tx_0000243
tx_0002154,tx_0002864
tx_0002711,tx_0002668
tx_0002196,tx_0001856
tx_0000477,tx_0001868
tx_0002748,tx_0000307
tx_0000582,tx_0002224
tx_0000731,tx_0000926
tx_0002746,tx_0000815
tx_0001595,tx_0002654
tx_0000759,tx_0001759
tx_0002889,tx_0002302
tx_0001827,tx_0001774
tx_0000029,tx_0001222
tx_0000897,tx_0000409
tx_0000744,tx_0001675
tx_0000732,tx_0002831
tx_0001662,tx_0001215
tx_0000111,tx_0002497
tx_0001545,tx_0001387
tx_0001450,tx_0002987
tx_0002586,tx_0002422
tx_0001721,tx_0001639
tx_0002529,tx_0001135
tx_0002854,tx_0002560
tx_0001641,tx_0001024
tx_0002744,tx_0001579
tx_0000230,tx_0002596
tx_0001323,tx_0001051
tx_0000345,tx_0002576
tx_0001239,tx_0000572
tx_0000519,tx_0002996
tx_0002904,tx_0000205
tx_0001093,tx_0000549
tx_0002884,tx_0001714
tx_0000184,tx_0000520
tx_0001834,tx_0001407
tx_0000900,tx_0001634
tx_0001375,tx_0001483
tx_0002507,tx_0002257
tx_0001379,tx_0001486
tx_0000239,tx_0000234
tx_0001696,tx_0002090
tx_0002918,tx_0000332
tx_0000335,tx_0002928
tx_0002403,tx_0002131
tx_0002026,tx_0000878
tx_0000617,tx_0002202
tx_0001341,tx_0001961
tx_0001037,tx_0000596
tx_0001498,tx_0002242
tx_0002933,tx_0001975
tx_0001364,tx_0000166
tx_0001970,tx_0000751
tx_0000042,tx_0002432
tx_0002274,tx_0001323
tx_0000675,tx_0001934
tx_0001014,tx_0000271
tx_0000994,tx_0000837
tx_0002803,tx_0001642
tx_0000543,tx_0000668
tx_0000862,tx_0001129
tx_0002566,tx_0001131
tx_0002202,tx_0000719
tx_0002935,tx_0001272
tx_0000007,tx_0001813
tx_0002463,tx_0001805
tx_0002439,tx_0002125
tx_0000462,tx_0002469
tx_0001896,tx_0001779
tx_0001065,tx_0000778
tx_0000106,tx_0000851
tx_0000137,tx_0000938
tx_0000899,tx_0001524
tx_0001572,tx_0002833
tx_0001342,tx_0000218
tx_0002709,tx_0000063
tx_0000137,tx_0001927
tx_0000765,tx_0002457
tx_0000606,tx_0000143
tx_0000409,tx_0002868
tx_0002424,tx_0001227
tx_0000913,tx_0002248
tx_0002632,tx_0001155
tx_0000864,tx_0002611
tx_0001184,tx_0001352
tx_0002946,tx_0002394
tx_0002582,tx_0002798
tx_0000542,tx_0002847
tx_0000567,tx_0000264
tx_0000436,tx_0000973
tx_0001724,tx_0000460
tx_0001621,tx_0000296
tx_0002594,tx_0002215
tx_0002350,tx_0002161
tx_0002768,tx_0001665
tx_0001161,tx_0000302
tx_0002468,tx_0002840
tx_0000721,tx_0002453
tx_0000585,tx_0001846
tx_0000467,tx_0002242
tx_0001969,tx_0002922
tx_0002635,tx_0002283
tx_0002608,tx_0001427
tx_0000861,tx_0001346
tx_0001715,tx_0000686
tx_0000837,tx_0001360
tx_0001284,tx_0002222
tx_0001524,tx_0001811
tx_0001117,tx_0000727
tx_0000246,tx_0000852
tx_0000885,tx_0001512
tx_0002126,tx_0002058
tx_0000569,tx_0002571
tx_0000026,tx_0000709
tx_0001740,tx_0002696
tx_0002545,tx_0001089
tx_0001854,tx_0002028
tx_0002449,tx_0000058
tx_0002175,tx_0002971
tx_0000060,tx_0002892
tx_0000956,tx_0001783
tx_0001299,tx_0002801
tx_0001691,tx_0002409
tx_0002374,tx_0002849
tx_0002173,tx_0002701
tx_0002330,tx_0000352
tx_0000045,tx_0000452
tx_0001069,tx_0000372
tx_0001611,tx_0000119
tx_0001740,tx_0000206
tx_0002281,tx_0002231
tx_0001320,tx_0001160
tx_0001880,tx_0002783
tx_0001856,tx_0000321
tx_0002993,tx_0000666
tx_0001634,tx_0002534
tx_0002935,tx_0000077
tx_0002450,tx_0002362
tx_0001596,tx_0000750
tx_0002580,tx_0001736
tx_0000928,tx_0001674
tx_0002675,tx_0001985
tx_0001393,tx_0001374
tx_0001312,tx_0000228
tx_0002858,tx_0000833
tx_0000173,tx_0000406
tx_0000476,tx_0001940
tx_0001918,tx_0002542
tx_0000568,tx_0001041
tx_0002213,tx_0001397
tx_0000457,tx_0002985
tx_0000083,tx_0000507
tx_0002740,tx_0000850
tx_0000425,tx_0002620
tx_0001985,tx_0001857
tx_0000685,tx_0000130
tx_0002647,tx_0000010
tx_0002119,tx_0002492
tx_0001546,tx_0002968
tx_0000673,tx_0001340
tx_0002495,tx_0002318
tx_0001445,tx_0002407
tx_0001907,tx_0002839
tx_0000954,tx_0002644
tx_0000478,tx_0001257
tx_0001403,tx_0001228
tx_0000295,tx_0001341
tx_0002900,tx_0002570
tx_0000551,tx_0000081
tx_0001796,tx_0001396
tx_0000736,tx_0002963
tx_0002257,tx_0002113
tx_0001602,tx_0002697
tx_0001316,tx_0001496
tx_0000918,tx_0001483
tx_0002724,tx_0000335
tx_0001674,tx_0000036
tx_0002549,tx_0000854
tx_0000488,tx_0002807
tx_0002937,tx_0000973
tx_0001530,tx_0002015
tx_0002709,tx_0001826
tx_0000861,tx_0002717
tx_0001635,tx_0001490
tx_0000430,tx_0000777
tx_0000676,tx_0002931
tx_0000132,tx_0002820
tx_0000853,tx_0000399
tx_0001603,tx_0000068
tx_0000670,tx_0001029
tx_0001766,tx_0002622
tx_0002870,tx_0001312
tx_0002484,tx_0000887
tx_0002191,tx_0000912
tx_0001886,tx_0000948
tx_0001391,tx_0002156
tx_0001133,tx_0001453
tx_0001480,tx_0002866
tx_0002172,tx_0002471
tx_0000912,tx_0001492
tx_0001605,tx_0000471
tx_0001748,tx_0002137
tx_0002235,tx_0000533
tx_0002695,tx_0001828
tx_0002335,tx_0001650
tx_0001441,tx_0002439
tx_0002373,tx_0001276
tx_0001711,tx_0001756
tx_0000042,tx_0001210
tx_0002866,tx_0001759
tx_0001061,tx_0000323
tx_0000544,tx_0001553
tx_0001782,tx_0000837
tx_0000552,tx_0001061
tx_0002209,tx_0001091
tx_0002266,tx_0002949
tx_0000301,tx_0001250
tx_0001622,tx_0000130
tx_0002672,tx_0001790
tx_0000478,tx_0002815
tx_0002762,tx_0000541
tx_0002836,tx_0002268
tx_0000263,tx_0002530
tx_0001793,tx_0001401
tx_0002494,tx_0000341
tx_0000455,tx_0002609
tx_0001829,tx_0000998
tx_0000127,tx_0000247
tx_0002139,tx_0001280
tx_0001017,tx_0001421
tx_0000839,tx_0000419
tx_0000437,tx_0001049
tx_0002053,tx_0002010
tx_0002928,tx_0001203
tx_0002949,tx_0000405
tx_0000301,tx_0000993
tx_0000095,tx_0002136
tx_0001161,tx_0002952
tx_0002703,tx_0000979
tx_0002518,tx_0001769
tx_0001863,tx_0000275
tx_0000681,tx_0000110
tx_0001592,tx_0002830
tx_0002821,tx_0002169
tx_0002630,tx_0002676
tx_0000097,tx_0002583
tx_0001699,tx_0000267
tx_0002519,tx_0001920
tx_0001554,tx_0001649
tx_0001271,tx_0000674
tx_0000073,tx_0000062
tx_0001732,tx_0002388
tx_0002883,tx_0002527
tx_0002694,tx_0001885
tx_0002999,tx_0000016
tx_0002266,tx_0002187
tx_0001383,tx_0002998
tx_0000903,tx_0000209
tx_0001614,tx_0000224
tx_0001613,tx_0001397
tx_0001455,tx_0000529
tx_0002859,tx_0002603
tx_0000946,tx_0002862
tx_0000493,tx_0001909
tx_0001915,tx_0002039
tx_0001395,tx_0001745
tx_0001142,tx_0000952
tx_0001657,tx_0002652
tx_0000380,tx_0002802
tx_0001431,tx_0002986
tx_0001390,tx_0000782
tx_0002799,tx_0000118
tx_0000899,tx_0000074
tx_0001792,tx_0001361
tx_0000694,tx_0001485
tx_0001553,tx_0002755
tx_0002190,tx_0001544
tx_0002971,tx_0002095
tx_0001218,tx_0002571
tx_0001557,tx_0001640
tx_0001234,tx_0000052
tx_0000953,tx_0002166
tx_0002887,tx_0001976
tx_0000393,tx_0002190
tx_0002979,tx_0002015
tx_0002817,tx_0000940
tx_0000132,tx_0000926
tx_0000392,tx_0002055
tx_0001722,tx_0001084
tx_0000568,tx_0002608
tx_0000059,tx_0000446
tx_0002032,tx_0000864
tx_0002824,tx_0001803
tx_0001447,tx_0000308
tx_0001878,tx_0000036
tx_0002040,tx_0000310
tx_0002231,tx_0000734
tx_0001304,tx_0001183
tx_0002105,tx_0001309
tx_0002378,tx_0002799
tx_0001937,tx_0001342
tx_0001151,tx_0000455
tx_0001385,tx_0000055
tx_0001024,tx_0000094
tx_0000182,tx_0002968
tx_0002362,tx_0000243
tx_0001218,tx_0002048
tx_0000733,tx_0001821
tx_0001546,tx_0002338
tx_0000879,tx_0000420
tx_0001557,tx_0000398
tx_0000057,tx_0002237
tx_0000451,tx_0000948
tx_0001101,tx_0001163
tx_0001106,tx_0002363
tx_0002029,tx_0002164
tx_0002127,tx_0000821
tx_0001080,tx_0001786
tx_0001199,tx_0002642
tx_0001132,tx_0002763
tx_0000946,tx_0001363
tx_0000598,tx_0001056
tx_0001678,tx_0000323
tx_0001726,tx_0001005
tx_0000283,tx_0002081
tx_0001044,tx_0000292
tx_0000372,tx_0002879
tx_0000672,tx_0002719
tx_0000687,tx_0001654
tx_0000551,tx_0000530
tx_0002323,tx_0002723
tx_0001945,tx_0000413
tx_0002718,tx_0000574
tx_0001116,tx_0001323
tx_0000933,tx_0000926
tx_0000609,tx_0000705
tx_0001154,tx_0002526
tx_0000764,tx_0002816
tx_0000503,tx_0002962
tx_0002467,tx_0001573
tx_0000003,tx_0001400
tx_0001035,tx_0000635
tx_0001150,tx_0002477
tx_0000850,tx_0001446
tx_0001310,tx_0000712
tx_0001208,tx_0001490
tx_0000570,tx_0001699
tx_0002257,tx_0001163
tx_0001280,tx_0000269
tx_0002978,tx_0002114
tx_0001018,tx_0001994
tx_0001871,tx_0002964
tx_0002346,tx_0000345
tx_0001554,tx_0000842
tx_0001023,tx_0001479
tx_0000529,tx_0002490
tx_0002750,tx_0001159
tx_0000171,tx_0000488
tx_0002688,tx_0002264
tx_0002546,tx_0002232
tx_0002716,tx_0000265
tx_0002433,tx_0000105
tx_0002441,tx_0000135
tx_0000623,tx_0001880
tx_0000569,tx_0001131
tx_0000767,tx_0001144
tx_0002905,tx_0001753
tx_0002342,tx_0000746
tx_0000992,tx_0001237
tx_0002365,tx_0001096
tx_0000142,tx_0002008
tx_0002148,tx_0002589
tx_0000215,tx_0000322
tx_0000006,tx_0000458
tx_0000335,tx_0000252
tx_0001742,tx_0001053
tx_0001867,tx_0000955
tx_0002315,tx_0002430
tx_0002768,tx_0000687
tx_0001947,tx_0002260
tx_0002299,tx_0000202
tx_0000565,tx_0002020
tx_0000989,tx_0001504
tx_0001849,tx_0001984
tx_0001441,tx_0001587
tx_0001315,tx_0001561
tx_0000628,tx_0002131
tx_0000653,tx_0000974
tx_0000266,tx_0002212
tx_0001003,tx_0002416
tx_0001632,tx_0001064
tx_0001014,tx_0001658
tx_0002337,tx_0000646
tx_0001764,tx_0001865
tx_0000341,tx_0002944
tx_0002080,tx_0001893
tx_0002468,tx_0001261
tx_0000685,tx_0000131
tx_0002258,tx_0002554
tx_0002102,tx_0002122
tx_0001585,tx_0002333
tx_0000341,tx_0002782
tx_0002410,tx_0001606
tx_0000572,tx_0002066
tx_0002573,tx_0002396
tx_0000017,tx_0001990
tx_0002984,tx_0000388
tx_0001892,tx_0002440
tx_0000517,tx_0000309
tx_0002431,tx_0002300
tx_0002475,tx_0002012
tx_0002547,tx_0000317
tx_0001052,tx_0002643
tx_0002819,tx_0001096
tx_0001596,tx_0002246
tx_0001876,tx_0001621
tx_0002669,tx_0002078
tx_0000211,tx_0002374
tx_0001410,tx_0000609
tx_0000133,tx_0001876
tx_0001173,tx_0001242
tx_0001335,tx_0000165
tx_0000637,tx_0000274
tx_0002977,tx_0002077
tx_0002585,tx_0002368
tx_0002438,tx_0000286
tx_0000530,tx_0000838
tx_0000977,tx_0001971
tx_0002526,tx_0002410
tx_0002194,tx_0000982
tx_0002113,tx_0001456
tx_0000473,tx_0001956
tx_0002624,tx_0001798
tx_0001285,tx_0000998
tx_0001421,tx_0001319
tx_0000012,tx_0000314
tx_0002576,tx_0001718
tx_0002972,tx_0000958
tx_0000503,tx_0002841
tx_0002944,tx_0000012
tx_0002326,tx_0000075
tx_0001273,tx_0002538
tx_0001072,tx_0001262
tx_0000480,tx_0002686
tx_0002488,tx_0002164
tx_0000553,tx_0001246
tx_0002469,tx_0001179
tx_0000346,tx_0002298
tx_0001353,tx_0000426
tx_0002025,tx_0000594
tx_0000909,tx_0001746
tx_0001620,tx_0000453
tx_0000699,tx_0002943
tx_0001192,tx_0001818
tx_0002813,tx_0002980
tx_0000881,tx_0000695
tx_0000042,tx_0000300
tx_0001185,tx_0000759
tx_0000528,tx_0001472
tx_0000077,tx_0000238
tx_0002299,tx_0001903
tx_0002829,tx_0000655
tx_0000217,tx_0002671
tx_0000341,tx_0001039
tx_0001723,tx_0001114
tx_0001297,tx_0001688
tx_0001783,tx_0001619
tx_0000128,tx_0001109
tx_0001649,tx_0001565
tx_0002335,tx_0002278
tx_0001365,tx_0002642
tx_0000820,tx_0001767
tx_0001502,tx_0001700
tx_0002224,tx_0002115
tx_0000996,tx_0001652
tx_0001027,tx_0002443
tx_0001551,tx_0000082
tx_0001138,tx_0002656
tx_0000773,tx_0002853
tx_0002331,tx_0002670
tx_0000680,tx_0002544
tx_0000225,tx_0001673
tx_0002271,tx_0000469
tx_0001617,tx_0002077
tx_0002792,tx_0000362
tx_0001694,tx_0000465
tx_0000393,tx_0000415
tx_0002274,tx_0002428
tx_0001964,tx_0001055
tx_0002219,tx_0001375
tx_0000114,tx_0002451
tx_0002658,tx_0001810
tx_0000861,tx_0002128
tx_0001771,tx_0000263
tx_0002671,tx_0001525
tx_0000197,tx_0002851
tx_0001183,tx_0002535
tx_0002107,tx_0001165
tx_0000929,tx_0000934
tx_0000665,tx_0002547
tx_0001771,tx_0001886
tx_0002958,tx_0000458
tx_0000215,tx_0001609
tx_0000117,tx_0001508
tx_0001160,tx_0002781
tx_0001642,tx_0002388
tx_0002096,tx_0000594
tx_0002152,tx_0002193
tx_0002820,tx_0000423
tx_0002456,tx_0001662
tx_0002079,tx_0002725
tx_0002042,tx_0002839
tx_0000696,tx_0000131
tx_0002323,tx_0000411
tx_0002727,tx_0001234
tx_0002366,tx_0002615
tx_0002564,tx_0002891
tx_0002877,tx_0001956
tx_0002104,tx_0002971
tx_0001711,tx_0000602
tx_0001482,tx_0002673
tx_0001990,tx_0002262
tx_0000791,tx_0000039
tx_0001911,tx_0002444
tx_0002107,tx_0001632
tx_0002815,tx_0001435
tx_0001742,tx_0001590
tx_0000924,tx_0001678
tx_0001684,tx_0002332
tx_0001374,tx_0001526
tx_0000393,tx_0002581
tx_0001139,tx_0002664
tx_0002679,tx_0002724
tx_0000284,tx_0002223
tx_0002886,tx_0001983
tx_0001244,tx_0001264
tx_0001440,tx_0000497
tx_0000895,tx_0001489
tx_0001579,tx_0001404
tx_0002691,tx_0002525
tx_0002694,tx_0002054
tx_0002529,tx_0000436
tx_0001372,tx_0000212
tx_0001680,tx_0000927
tx_0000433,tx_0000616
tx_0001405,tx_0001744
tx_0000119,tx_0000343
tx_0001621,tx_0001418
tx_0001500,tx_0000797
tx_0002646,tx_0002934
tx_0001379,tx_0001012
tx_0002718,tx_0002069
tx_0000464,tx_0001203
tx_0002944,tx_0002475
tx_0002526,tx_0002944
tx_0000128,tx_0000874
tx_0001674,tx_0002448
tx_0002275,tx_0001597
tx_0001560,tx_0002410
tx_0000906,tx_0000054
tx_0000481,tx_0001357
tx_0002106,tx_0002234
tx_0000903,tx_0002457
tx_0002467,tx_0001601
tx_0000016,tx_0002475
tx_0002075,tx_0002111
tx_0002885,tx_0000773
tx_0000369,tx_0000910
tx_0000162,tx_0000712
tx_0001154,tx_0000021
tx_0000443,tx_0002280
tx_0001431,tx_0001336
tx_0002432,tx_0002119
tx_0002362,tx_0000814
tx_0001922,tx_0000800
tx_0000941,tx_0001340
tx_0002389,tx_0001385
tx_0002693,tx_0001715
tx_0002086,tx_0000694
tx_0002774,tx_0001299
tx_0002746,tx_0002276
tx_0000606,tx_0000465
tx_0001160,tx_0000648
tx_0001537,tx_0000784
tx_0002839,tx_0002911
tx_0000793,tx_0000318
tx_0001069,tx_0002845
tx_0000421,tx_0002022
tx_0002801,tx_0001599
tx_0000756,tx_0001466
tx_0000152,tx_0001045
tx_0002361,tx_0001932
tx_0001335,tx_0001825
tx_0002274,tx_0001621
tx_0002494,tx_0001368
tx_0001837,tx_0002997
tx_0002972,tx_0002476
tx_0002009,tx_0002219
tx_0002747,tx_0002657
tx_0000548,tx_0002747
tx_0002102,tx_0002394
tx_0002412,tx_0000125
tx_0000116,tx_0000659
tx_0000689,tx_0002545
tx_0001305,tx_0001713
tx_0002525,tx_0001072
tx_0001599,tx_0002858
tx_0002655,tx_0002357
tx_0002141,tx_0000871
tx_0002124,tx_0002390
tx_0002337,tx_0002974
tx_0000081,tx_0001288
tx_0002374,tx_0002893
tx_0000713,tx_0002530
tx_0001141,tx_0002523
tx_0002113,tx_0000158
tx_0001685,tx_0000525
tx_0001930,tx_0001405
tx_0002830,tx_0000811
tx_0001853,tx_0001694
tx_0001141,tx_0000602
tx_0002977,tx_0002062
tx_0001317,tx_0002473
tx_0002733,tx_0002218
tx_0000657,tx_0001576
tx_0000594,tx_0000097
tx_0001363,tx_0000622
tx_0001317,tx_0000842
tx_0002632,tx_0001639
tx_0002366,tx_0000696
tx_0002718,tx_0001460
tx_0001930,tx_0000557
tx_0001433,tx_0001007
tx_0000363,tx_0001880
tx_0000701,tx_0001165
tx_0000847,tx_0002133
tx_0001820,tx_0002624
tx_0002269,tx_0000416
tx_0000484,tx_0002651
tx_0002868,tx_0000848
tx_0001706,tx_0001774
tx_0002081,tx_0001086
tx_0002238,tx_0001976
tx_0000604,tx_0002243
tx_0002590,tx_0002993
tx_0001023,tx_0000774
tx_0000160,tx_0002198
tx_0002275,tx_0001522
tx_0000194,tx_0002754
tx_0002100,tx_0000627
tx_0000881,tx_0002176
tx_0002022,tx_0002429
tx_0001536,tx_0001519
tx_0000229,tx_0001305
tx_0002969,tx_0001117
tx_0001336,tx_0001767
tx_0002137,tx_0001951
tx_0002088,tx_0001156
tx_0001619,tx_0002482
tx_0002884,tx_0001169
tx_0002739,tx_0002621
tx_0001200,tx_0002524
tx_0001864,tx_0000846
tx_0000018,tx_0000099
tx_0000913,tx_0001151
tx_0002441,tx_0000999
tx_0002476,tx_0001186
tx_0001042,tx_0002469
tx_0000049,tx_0002416
tx_0001603,tx_0001992
tx_0000396,tx_0002541
tx_0000051,tx_0001184
tx_0001174,tx_0002483
tx_0001433,tx_0000810
tx_0001729,tx_0000575
tx_0001941,tx_0002494
tx_0000284,tx_0000497
tx_0001443,tx_0002723
tx_0002610,tx_0001706
tx_0000050,tx_0002335
tx_0002818,tx_0000763
tx_0002211,tx_0001168
tx_0002338,tx_0000249
tx_0000060,tx_0002466
tx_0000712,tx_0002771
tx_0002862,tx_0000218
tx_0001825,tx_0000278
tx_0002176,tx_0001012
tx_0002558,tx_0001268
tx_0000737,tx_0001385
tx_0002103,tx_0002516
tx_0002543,tx_0000077
tx_0000377,tx_0002892
tx_0002643,tx_0002320
tx_0001118,tx_0000576
tx_0001820,tx_0002661
tx_0002083,tx_0000858
tx_0000435,tx_0000888
tx_0000562,tx_0001654
tx_0002200,tx_0001008
tx_0000718,tx_0000493
tx_0000851,tx_0002284
tx_0001007,tx_0002694
tx_0002297,tx_0001938
tx_0001832,tx_0001712
tx_0001560,tx_0000540
tx_0002586,tx_0000817
tx_0002394,tx_0002015
tx_0001569,tx_0000049
tx_0002309,tx_0001100
tx_0002809,tx_0002122
tx_0001023,tx_0002997
tx_0001948,tx_0001413
tx_0001741,tx_0000545
tx_0001299,tx_0001156
tx_0001065,tx_0002666
tx_0002235,tx_0002114
tx_0002324,tx_0002531
tx_0000703,tx_0000954
tx_0001286,tx_0001700
tx_0001223,tx_0000511
tx_0001113,tx_0002569
tx_0000916,tx_0002796
tx_0002960,tx_0000615
tx_0000402,tx_0001355
tx_0001497,tx_0001142
tx_0001216,tx_0000203
tx_0002946,tx_0001150
tx_0000175,tx_0001654
tx_0000202,tx_0001832
tx_0002022,tx_0001516
tx_0001981,tx_0001211
tx_0001835,tx_0002914
tx_0002653,tx_0000074
tx_0000190,tx_0001530
tx_0000479,tx_0002723
tx_0002097,tx_0002238
tx_0002776,tx_0000192
tx_0001645,tx_0001892
tx_0001502,tx_0000616
tx_0001737,tx_0000969
tx_0000499,tx_0000327
tx_0000577,tx_0000884
tx_0002939,tx_0002646
tx_0000427,tx_0001234
tx_0000836,tx_0000973
tx_0001878,tx_0002804
tx_0001259,tx_0000771
tx_0000881,tx_0000332
tx_0000954,tx_0000531
tx_0001813,tx_0002557
tx_0002204,tx_0002444
tx_0002175,tx_0002437
tx_0002538,tx_0000729
tx_0002886,tx_0002087
tx_0000267,tx_0002214
tx_0001826,tx_0002096
tx_0000131,tx_0001557
tx_0000443,tx_0000627
tx_0001027,tx_0001085
tx_0002138,tx_0002865
tx_0002727,tx_0001664
tx_0002943,tx_0001295
tx_0002317,tx_0000188
tx_0001183,tx_0001014
tx_0001799,tx_0001437
tx_0000014,tx_0002273
tx_0002663,tx_0002424
tx_0002060,tx_0002375
tx_0001813,tx_0000880
tx_0000611,tx_0000699
tx_0001490,tx_0000402
tx_0000112,tx_0002735
tx_0000971,tx_0001960
tx_0000296,tx_0001021
tx_0002278,tx_0001100
tx_0002787,tx_0001392
tx_0001410,tx_0001851
tx_0002455,tx_0000556
tx_0001648,tx_0000757
tx_0002671,tx_0001310
tx_0000867,tx_0000600
tx_0001933,tx_0002198
tx_0001670,tx_0001676
tx_0002219,tx_0000156
tx_0002500,tx_0000718
tx_0001073,tx_0000659
tx_0001556,tx_0001530
tx_0001278,tx_0002170
tx_0000647,tx_0000055
tx_0002998,tx_0001033
tx_0000955,tx_0001657
tx_0001896,tx_0000583
tx_0000815,tx_0001143
tx_0000631,tx_0000190
tx_0001211,tx_0000410
tx_0001618,tx_0001591
tx_0001198,tx_0001098
tx_0001262,tx_0000265
tx_0000420,tx_0001212
tx_0001672,tx_0000696
tx_0000001,tx_0001952
tx_0000791,tx_0001486
tx_0002043,tx_0001767
tx_0002737,tx_0000066
tx_0000431,tx_0001249
tx_0000123,tx_0001087
tx_0002287,tx_0000268
tx_0000165,tx_0000050
tx_0001176,tx_0002759
tx_0000133,tx_0001284
tx_0001167,tx_0001082
tx_0001424,tx_0000357
tx_0000176,tx_0001050
tx_0000497,tx_0001864
tx_0002409,tx_0002132
tx_0001393,tx_0001712
tx_0000200,tx_0002718
tx_0002927,tx_0001221
tx_0001467,tx_0001123
tx_0001772,tx_0001713
tx_0000039,tx_0002855
tx_0001034,tx_0000956
tx_0002406,tx_0002940
tx_0001541,tx_0000427
tx_0000099,tx_0002344
tx_0000447,tx_0001894
tx_0000964,tx_0002413
tx_0001071,tx_0001627
tx_0002530,tx_0000867
tx_0000786,tx_0002437
tx_0002318,tx_0001117
tx_0001000,tx_0000429
tx_0000613,tx_0002017
tx_0001118,tx_0000163
tx_0001765,tx_0002364
tx_0000222,tx_0001874
tx_0002750,tx_0001721
tx_0000828,tx_0000920
tx_0002990,tx_0000160
tx_0000964,tx_0001847
tx_0000750,tx_0002024
tx_0001239,tx_0000007
tx_0002615,tx_0001478
tx_0000714,tx_0001898
tx_0002982,tx_0002557
tx_0000890,tx_0000407
tx_0001050,tx_0000358
tx_0001123,tx_0001408
tx_0000517,tx_0001565
tx_0001619,tx_0000651
tx_0000563,tx_0000014
tx_0000087,tx_0001314
tx_0002631,tx_0001933
tx_0001686,tx_0002189
tx_0001590,tx_0000899
tx_0002772,tx_0001824
tx_0002095,tx_0002835
tx_0002659,tx_0000915
tx_0001532,tx_0001167
tx_0001273,tx_0002090
tx_0002052,tx_0001375
tx_0001908,tx_0002017
tx_0000211,tx_0000184
tx_0000352,tx_0002409
tx_0001607,tx_0000436
tx_0000887,tx_0001300
tx_0002548,tx_0002329
tx_0000755,tx_0001888
tx_0000754,tx_0001520
tx_0002064,tx_0002949
tx_0001384,tx_0000041
tx_0002808,tx_0000875
tx_0001181,tx_0001466
tx_0000662,tx_0000901
tx_0000250,tx_0000754
tx_0000123,tx_0002166
tx_0000781,tx_0002240
tx_0000904,tx_0002863
tx_0002591,tx_0002674
tx_0001909,tx_0001098
tx_0000072,tx_0001546
tx_0002445,tx_0002637
tx_0001822,tx_0001906
tx_0002380,tx_0000834
tx_0000469,tx_0002947
tx_0000422,tx_0001054
tx_0002983,tx_0002261
tx_0000474,tx_0002938
tx_0001980,tx_0000440
tx_0001920,tx_0000932
tx_0001615,tx_0002752
tx_0000611,tx_0002108
tx_0001475,tx_0001486
tx_0001417,tx_0001403
tx_0002483,tx_0000732
tx_0001454,tx_0000691
tx_0002315,tx_0000910
tx_0002291,tx_0000059
tx_0001020,tx_0002995
tx_0002902,tx_0001966
tx_0002661,tx_0001430
tx_0001016,tx_0002878
tx_0002318,tx_0000933
tx_0002594,tx_0000068
tx_0000816,tx_0000054
tx_0001919,tx_0002244
tx_0002023,tx_0001343
tx_0002937,tx_0000579
tx_0001329,tx_0000855
tx_0002112,tx_0002572
tx_0001591,tx_0000479
tx_0000498,tx_0001410
tx_0000050,tx_0000549
tx_0001798,tx_0001017
tx_0000405,tx_0000927
tx_0002708,tx_0000394
tx_0002321,tx_0000039
tx_0000247,tx_0001016
tx_0001037,tx_0000856
tx_0000018,tx_0002640
tx_0000408,tx_0002558
tx_0002536,tx_0001197
tx_0002856,tx_0000814
tx_0002789,tx_0000490
tx_0002686,tx_0001775
tx_0000946,tx_0002847
tx_0001274,tx_0002612
tx_0000045,tx_0000607
tx_0000752,tx_0002858
tx_0002746,tx_0001988
tx_0002099,tx_0001913
tx_0000372,tx_0001207
tx_0000028,tx_0002085
tx_0001789,tx_0000525
tx_0001583,tx_0001473
tx_0000715,tx_0000828
tx_0000574,tx_0002480
tx_0000266,tx_0001732
tx_0000956,tx_0001978
tx_0001172,tx_0002577
tx_0000063,tx_0000065
tx_0001761,tx_0001887
tx_0002255,tx_0000845
tx_0001931,tx_0001132
tx_0000526,tx_0000325
tx_0000583,tx_0002388
tx_0001066,tx_0002350
tx_0002911,tx_0000140
tx_0001026,tx_0000393
tx_0002399,tx_0001179
tx_0002179,tx_0000578
tx_0002350,tx_0002354
tx_0001847,tx_0002272
tx_0001570,tx_0002878
tx_0002334,tx_0002522
tx_0001362,tx_0002875
tx_0000477,tx_0002980
tx_0000095,tx_0000942
tx_0001014,tx_0000043
tx_0002001,tx_0001892
tx_0002528,tx_0000775
tx_0001904,tx_0001759
tx_0001317,tx_0002976
tx_0000475,tx_0000340
tx_0000633,tx_0000063
tx_0002576,tx_0000560
tx_0002225,tx_0001444
tx_0001558,tx_0002978
tx_0001811,tx_0001588
tx_0000603,tx_0001190
tx_0002165,tx_0000633
tx_0001885,tx_0001448
tx_0000735,tx_0002440
tx_0000550,tx_0002663
tx_0002518,tx_0001633
tx_0000231,tx_0002140
tx_0001468,tx_0001458
tx_0000176,tx_0002576
tx_0001297,tx_0002830
tx_0002162,tx_0000818
tx_0000335,tx_0001803
tx_0000665,tx_0000763
tx_0002812,tx_0002654
tx_0002986,tx_0002449
tx_0002978,tx_0002226
tx_0001153,tx_0002776
tx_0002810,tx_0000548
tx_0000492,tx_0002033
tx_0001187,tx_0002171
tx_0002085,tx_0000938
tx_0000209,tx_0000114
tx_0002945,tx_0001194
tx_0000037,tx_0002110
tx_0000283,tx_0001478
tx_0000828,tx_0002698
tx_0002534,tx_0001944
tx_0002770,tx_0002540
tx_0002102,tx_0000879
tx_0000167,tx_0002298
tx_0001014,tx_0000911
tx_0002763,tx_0000284
tx_0000986,tx_0002919
tx_0002726,tx_0001885
tx_0000622,tx_0002262
tx_0001931,tx_0001932
tx_0001480,tx_0001329
tx_0001450,tx_0000637
tx_0002227,tx_0001271
tx_0000207,tx_0000507
tx_0001765,tx_0000131
tx_0002034,tx_0002828
tx_0000035,tx_0002963
tx_0001885,tx_0001832
tx_0002242,tx_0001448
tx_0001315,tx_0000223
tx_0002905,tx_0001441
tx_0002515,tx_0001939
tx_0000008,tx_0000581
tx_0002102,tx_0000673
tx_0000396,tx_0001850
tx_0002321,tx_0002441
tx_0000859,tx_0002989
tx_0001908,tx_0001840
tx_0002057,tx_0001983
tx_0001879,tx_0001932
tx_0001994,tx_0002883
tx_0000395,tx_0000617
tx_0002763,tx_0002428
tx_0002417,tx_0001170
tx_0002472,tx_0002932
tx_0000370,tx_0000838
tx_0000107,tx_0000353
tx_0001233,tx_0001710
tx_0001563,tx_0001303
tx_0000271,tx_0000313
tx_0002782,tx_0002506
tx_0001837,tx_0000008
tx_0000727,tx_0000660
tx_0001469,tx_0001798
tx_0000332,tx_0001815
tx_0002322,tx_0000044
tx_0001359,tx_0000566
tx_0002201,tx_0002798
tx_0000832,tx_0001467
tx_0001130,tx_0001626
tx_0000354,tx_0001520
tx_0001995,tx_0002339
tx_0002984,tx_0000781
tx_0000565,tx_0001158
tx_0000545,tx_0001969
tx_0000210,tx_0001258
tx_0000610,tx_0000141
tx_0001645,tx_0001715
tx_0002862,tx_0002078
tx_0002187,tx_0001434
tx_0001587,tx_0001569
tx_0001124,tx_0001586
tx_0001376,tx_0000426
tx_0000862,tx_0000056
tx_0002952,tx_0000631
tx_0002705,tx_0000541
tx_0001725,tx_0000355
tx_0000691,tx_0002535
tx_0000953,tx_0002592
tx_0001014,tx_0001883
tx_0000238,tx_0002485
tx_0001317,tx_0001325
tx_0001821,tx_0001981
tx_0002690,tx_0002593
tx_0001752,tx_0001978
tx_0000607,tx_0000739
tx_0001459,tx_0002634
tx_0002878,tx_0000225
tx_0002807,tx_0001668
tx_0001452,tx_0002577
tx_0001798,tx_0000049
tx_0002399,tx_0001043
tx_0002221,tx_0002538
tx_0000770,tx_0000103
tx_0000969,tx_0000462
tx_0002566,tx_0000856
tx_0001544,tx_0000444
tx_0002719,tx_0002183
tx_0002614,tx_0002591
tx_0002656,tx_0001460
tx_0001585,tx_0002862
tx_0002076,tx_0000775
tx_0002013,tx_0000281
tx_0002929,tx_0001629
tx_0002662,tx_0000686
tx_0000870,tx_0000352
tx_0002414,tx_0002299
tx_0000598,tx_0002301
tx_0002280,tx_0001854
tx_0001025,tx_0000065
tx_0000943,tx_0001853
tx_0001239,tx_0000971
tx_0002221,tx_0000554
tx_0000491,tx_0000866
tx_0001031,tx_0000152
tx_0001438,tx_0000612
tx_0000151,tx_0000589
tx_0002411,tx_0002349
tx_0002575,tx_0000640
tx_0001197,tx_0002986
tx_0001505,tx_0002590
tx_0002497,tx_0002970
tx_0000711,tx_0001205
tx_0000717,tx_0002803
tx_0000480,tx_0000773
tx_0001356,tx_0001181
tx_0001963,tx_0002961
tx_0001131,tx_0000981
tx_0002318,tx_0001799
tx_0002500,tx_0000313
tx_0002043,tx_0001778
tx_0000883,tx_0000544
tx_0002723,tx_0002952
tx_0001318,tx_0002414
tx_0001395,tx_0000224
tx_0002423,tx_0001633
tx_0001323,tx_0000683
tx_0001703,tx_0001652
tx_0002846,tx_0001034
tx_0000380,tx_0000276
tx_0001443,tx_0001191
tx_0001228,tx_0000539
tx_0001084,tx_0000182
tx_0000667,tx_0001909
tx_0002910,tx_0002542
tx_0000341,tx_0001898
tx_0000677,tx_0002387
tx_0000691,tx_0002359
tx_0002263,tx_0002148
tx_0000393,tx_0000205
tx_0000822,tx_0002598
tx_0000606,tx_0002927
tx_0001819,tx_0000964
tx_0001672,tx_0001145
tx_0002906,tx_0000172
tx_0000877,tx_0001815
tx_0000464,tx_0001484
tx_0002267,tx_0002987
tx_0000907,tx_0000196
tx_0001224,tx_0000977
tx_0002304,tx_0000451
tx_0000423,tx_0000795
tx_0002469,tx_0002433
tx_0000324,tx_0002381
tx_0002767,tx_0000378
tx_0002447,tx_0002818
tx_0002310,tx_0000805
tx_0001345,tx_0002875
tx_0001843,tx_0001666
tx_0000930,tx_0000342
tx_0001093,tx_0002623
tx_0001940,tx_0001814
tx_0002807,tx_0002695
tx_0001075,tx_0001696
tx_0002721,tx_0002949
tx_0000618,tx_0000848
tx_0000192,tx_0000178
tx_0000598,tx_0002665
tx_0002308,tx_0002625
tx_0000083,tx_0000061
tx_0001999,tx_0001164
tx_0001328,tx_0001813
tx_0000045,tx_0000263
tx_0000770,tx_0000596
tx_0002606,tx_0000445
tx_0001310,tx_0001686
tx_0002327,tx_0002358
tx_0000662,tx_0001466
tx_0002448,tx_0001627
tx_0000419,tx_0002609
tx_0001344,tx_0001534
tx_0001434,tx_0002917
tx_0001145,tx_0000989
tx_0002227,tx_0000404
tx_0002840,tx_0002589
tx_0000545,tx_0002578
tx_0001227,tx_0000256
tx_0001277,tx_0000638
tx_0002837,tx_0000611
tx_0001881,tx_0001019
tx_0002532,tx_0001199
tx_0000056,tx_0000125
tx_0000320,tx_0002215
tx_0002361,tx_0002089
tx_0000954,tx_0002244
tx_0002359,tx_0000267
tx_0002519,tx_0000626
tx_0001830,tx_0000758
tx_0002008,tx_0000072
tx_0002482,tx_0001480
tx_0000708,tx_0000935
tx_0000167,tx_0001694
tx_0000141,tx_0000863
tx_0000192,tx_0001513
tx_0002370,tx_0002053
tx_0001661,tx_0000074
tx_0002208,tx_0000874
tx_0002472,tx_0000211
tx_0001866,tx_0001295
tx_0002117,tx_0001371
tx_0002671,tx_0002375
tx_0002487,tx_0002837
tx_0001119,tx_0001522
tx_0000757,tx_0000655
tx_0002612,tx_0001453
tx_0002703,tx_0001608
tx_0001526,tx_0000136
tx_0000417,tx_0001408
tx_0002626,tx_0001821
tx_0000782,tx_0001653
tx_0000969,tx_0000689
tx_0002652,tx_0000922
tx_0000248,tx_0000837
tx_0000147,tx_0002125
tx_0002499,tx_0000291
tx_0001554,tx_0001619
tx_0002059,tx_0001971
tx_0000541,tx_0002284
tx_0002362,tx_0001545
tx_0001651,tx_0002886
tx_0000057,tx_0002154
tx_0000890,tx_0001650
tx_0001079,tx_0001819
tx_0001527,tx_0000551
tx_0000090,tx_0002691
tx_0000488,tx_0002828
tx_0002292,tx_0001423
tx_0001493,tx_0002173
tx_0000683,tx_0001906
tx_0001230,tx_0001518
tx_0000173,tx_0002654
tx_0002705,tx_0001804
tx_0001001,tx_0002080
tx_0001309,tx_0002439
tx_0000447,tx_0001391
tx_0002423,tx_0001170
tx_0000919,tx_0002867
tx_0002333,tx_0000165
tx_0000639,tx_0002612
tx_0002809,tx_0002097
tx_0000905,tx_0001702
tx_0002060,tx_0002187
tx_0001588,tx_0002980
tx_0002143,tx_0002968
tx_0000917,tx_0001649
tx_0001707,tx_0002129
tx_0000325,tx_0000668
tx_0000570,tx_0001712
tx_0000056,tx_0001670
tx_0002671,tx_0000988
tx_0000259,tx_0002886
tx_0001999,tx_0002941
tx_0000168,tx_0000064
tx_0000784,tx_0000603
tx_0000213,tx_0000797
tx_0002247,tx_0002149
tx_0002864,tx_0002147
tx_0001415,tx_0001536
tx_0000011,tx_0002978
tx_0000976,tx_0000922
tx_0002133,tx_0002474
tx_0000191,tx_0002719
tx_0001421,tx_0000493
tx_0000076,tx_0002563
tx_0000168,tx_0000089
tx_0002310,tx_0002938
tx_0001917,tx_0000020
tx_0000122,tx_0002905
tx_0000047,tx_0001057
tx_0001842,tx_0002717
tx_0001023,tx_0001072
tx_0001994,tx_0001438
tx_0000359,tx_0002051
tx_0000394,tx_0001187
tx_0001889,tx_0001009
tx_0001523,tx_0002187
tx_0001434,tx_0002821
tx_0000530,tx_0000701
tx_0001213,tx_0001163
tx_0001615,tx_0001929
tx_0000166,tx_0000552
tx_0000981,tx_0001403
tx_0001765,tx_0002304
tx_0000027,tx_0001380
tx_0001303,tx_0000001
tx_0001874,tx_0001140
tx_0002982,tx_0001791
tx_0001325,tx_0002297
tx_0000513,tx_0002571
tx_0001900,tx_0000245
tx_0001935,tx_0001236
tx_0000345,tx_0001080
tx_0001060,tx_0002898
tx_0002119,tx_0000681
tx_0000248,tx_0001895
tx_0002849,tx_0000422
tx_0000853,tx_0001739
tx_0002394,tx_0000709
tx_0000445,tx_0001267
tx_0002528,tx_0002569
tx_0000212,tx_0000552
tx_0000669,tx_0001044
tx_0002173,tx_0000268
tx_0000681,tx_0000454
tx_0001024,tx_0002643
tx_0000999,tx_0002438
tx_0002137,tx_0000287
tx_0000007,tx_0000474
tx_0001563,tx_0001758
tx_0002197,tx_0002833
tx_0000102,tx_0000040
tx_0002620,tx_0000154
tx_0000301,tx_0002689
tx_0001093,tx_0000243
tx_0001973,tx_0001235
tx_0002341,tx_0000657
tx_0000779,tx_0001948
tx_0000059,tx_0002121
tx_0001669,tx_0000802
tx_0000618,tx_0000172
tx_0002217,tx_0000155
tx_0001747,tx_0001732
tx_0001120,tx_0000355
tx_0000610,tx_0002963
tx_0000056,tx_0002774
tx_0001789,tx_0002397
tx_0002206,tx_0000127
tx_0001818,tx_0002696
tx_0002635,tx_0002023
tx_0000021,tx_0001530
tx_0001165,tx_0002676
tx_0002382,tx_0000973
tx_0002332,tx_0000939
tx_0002545,tx_0002039
tx_0001698,tx_0002539
tx_0002944,tx_0001018
tx_0001952,tx_0000521
tx_0001777,tx_0002664
tx_0002363,tx_0000046
tx_0000188,tx_0001119
tx_0000538,tx_0002234
tx_0000451,tx_0001615
tx_0002012,tx_0001553
tx_0002258,tx_0001646
tx_0000125,tx_0001918
tx_0002490,tx_0002387
tx_0000149,tx_0000940
tx_0001078,tx_0000044
tx_0001573,tx_0001798
tx_0001241,tx_0002634
tx_0002879,tx_0000187
tx_0000960,tx_0002773
tx_0001428,tx_0001797
tx_0001532,tx_0002245
tx_0000479,tx_0001681
tx_0002075,tx_0002944
tx_0000872,tx_0001503
tx_0000257,tx_0001973
tx_0000455,tx_0000263
tx_0000377,tx_0001216
tx_0002917,tx_0000044
tx_0000967,tx_0002567
tx_0001102,tx_0000910
tx_0001523,tx_0002599
tx_0002630,tx_0001579
tx_0000078,tx_0001083
tx_0002084,tx_0002318
tx_0000334,tx_0002013
tx_0001855,tx_0000370
tx_0001460,tx_0002210
tx_0002059,tx_0002315
tx_0002348,tx_0000986
tx_0001172,tx_0001184
tx_0002843,tx_0001957
tx_0001213,tx_0000642
tx_0001399,tx_0001858
tx_0000594,tx_0001280
tx_0002830,tx_0002023
tx_0000452,tx_0001730
tx_0000035,tx_0002897
tx_0000588,tx_0002147
tx_0000620,tx_0002964
tx_0001287,tx_0001390
tx_0001600,tx_0000767
tx_0002807,tx_0002153
tx_0001483,tx_0002497
tx_0002485,tx_0002062
tx_0002553,tx_0001093
tx_0000746,tx_0002679
tx_0000094,tx_0002702
tx_0001009,tx_0001394
tx_0002336,tx_0002431
tx_0000865,tx_0001896
tx_0000844,tx_0000900
tx_0002663,tx_0001179
tx_0000433,tx_0002561
tx_0002183,tx_0001879
tx_0002698,tx_0000909
tx_0000517,tx_0001820
tx_0001868,tx_0000709
tx_0000818,tx_0000485
tx_0002557,tx_0000937
tx_0002776,tx_0001325
tx_0001219,tx_0000341
tx_0001112,tx_0002631
tx_0000169,tx_0000223
tx_0002408,tx_0000719
tx_0000397,tx_0001384
tx_0002604,tx_0001775
tx_0002066,tx_0002729
tx_0001921,tx_0001380
tx_0002469,tx_0002563
tx_0002921,tx_0002407
tx_0001480,tx_0001563
tx_0000147,tx_0002441
tx_0000798,tx_0001292
tx_0001460,tx_0001339
tx_0002553,tx_0001752
tx_0001193,tx_0000862
tx_0000152,tx_0001392
tx_0001073,tx_0000916
tx_0002971,tx_0001990
tx_0000816,tx_0002034
tx_0000790,tx_0002515
tx_0001072,tx_0001618
tx_0002190,tx_0002895
tx_0002417,tx_0002854
tx_0000120,tx_0002445
tx_0001995,tx_0002685
tx_0000659,tx_0000496
tx_0001473,tx_0001406
tx_0000043,tx_0000597
tx_0001036,tx_0000108
tx_0000754,tx_0000435
tx_0002192,tx_0000975
tx_0001653,tx_0001754
tx_0001882,tx_0001672
tx_0000748,tx_0001743
tx_0002436,tx_0001926
tx_0002936,tx_0002850
tx_0002977,tx_0002498
tx_0002478,tx_0000860
tx_0001745,tx_0001663
tx_0001825,tx_0000357
tx_0001989,tx_0001600
tx_0001218,tx_0000256
tx_0000670,tx_0002607
tx_0001050,tx_0001105
tx_0002987,tx_0002821
tx_0002546,tx_0000516
tx_0000153,tx_0000893
tx_0000560,tx_0002235
tx_0000214,tx_0001704
tx_0001924,tx_0002990
tx_0001430,tx_0002214
tx_0000364,tx_0001334
tx_0000584,tx_0001164
tx_0001342,tx_0000726
tx_0000576,tx_0002824
tx_0001567,tx_0002094
tx_0002504,tx_0001142
tx_0000557,tx_0000234
tx_0000431,tx_0001678
tx_0000643,tx_0001522
tx_0001972,tx_0000062
tx_0000805,tx_0000999
tx_0001928,tx_0001523
tx_0000424,tx_0001830
tx_0002941,tx_0001225
tx_0001701,tx_0000666
tx_0001008,tx_0000095
tx_0000319,tx_0000149
tx_0000140,tx_0000638
tx_0002307,tx_0001230
tx_0002394,tx_0002724
tx_0002590,tx_0002632
tx_0001651,tx_0001895
tx_0002426,tx_0002744
tx_0001990,tx_0001448
tx_0000947,tx_0002296
tx_0000171,tx_0002370
tx_0002463,tx_0002896
tx_0000172,tx_0001268
tx_0001548,tx_0000771
tx_0001422,tx_0000663
tx_0002393,tx_0002935
tx_0000017,tx_0002168
tx_0001522,tx_0002240
tx_0002883,tx_0001375
tx_0002965,tx_0002657
tx_0002559,tx_0000450
tx_0002374,tx_0001930
tx_0000387,tx_0000286
tx_0002506,tx_0001081
tx_0000971,tx_0002458
tx_0001742,tx_0000446
tx_0002865,tx_0001708
tx_0002583,tx_0002113
tx_0001214,tx_0002392
tx_0001679,tx_0002372
tx_0001288,tx_0000595
tx_0000539,tx_0002907
tx_0001986,tx_0001680
tx_0000569,tx_0000515
tx_0000116,tx_0000024
tx_0000388,tx_0000536
tx_0002976,tx_0002111
tx_0002946,tx_0001171
tx_0001174,tx_0001656
tx_0000003,tx_0001896
tx_0000135,tx_0002527
tx_0001037,tx_0000614
tx_0000533,tx_0002018
tx_0001862,tx_0000986
tx_0000899,tx_0002846
tx_0001834,tx_0002187
tx_0001257,tx_0000393
tx_0000913,tx_0000470
tx_0002090,tx_0000827
tx_0000326,tx_0001615
tx_0001239,tx_0001009
tx_0000178,tx_0000557
tx_0000675,tx_0001991
tx_0002239,tx_0002548
tx_0001593,tx_0001981
tx_0000508,tx_0000230
tx_0000889,tx_0002455
